id_geo___ca,comunidad_provincia,total,a,b,c,d,e,f,g,h,i,j,k,l,m,n,o,p,q,r,s,año,trimestre
104,Almería,8.0,0.0,0.0,0.0,0.0,0.0,2.0,0.0,3.0,3.0,0.0,0.0,0.0,0.0,0.0,0.0,0.0,0.0,0.0,0.0,2021,1
111,Cádiz,11.0,0.0,0.0,0.0,0.0,0.0,0.0,1.0,2.0,3.0,0.0,0.0,0.0,0.0,3.0,0.0,1.0,0.0,0.0,1.0,2021,1
114,Córdoba,12.0,0.0,0.0,1.0,0.0,0.0,2.0,0.0,0.0,4.0,0.0,0.0,0.0,0.0,1.0,0.0,2.0,0.0,0.0,2.0,2021,1
118,Granada,6.0,0.0,0.0,0.0,0.0,0.0,2.0,0.0,1.0,1.0,0.0,0.0,0.0,0.0,1.0,0.0,0.0,0.0,1.0,0.0,2021,1
121,Huelva,4.0,0.0,0.0,1.0,0.0,0.0,0.0,0.0,0.0,1.0,1.0,0.0,0.0,0.0,1.0,0.0,0.0,0.0,0.0,0.0,2021,1
123,Jaén,7.0,0.0,0.0,0.0,0.0,0.0,0.0,2.0,0.0,2.0,1.0,0.0,1.0,0.0,1.0,0.0,0.0,0.0,0.0,0.0,2021,1
129,Málaga,38.0,0.0,0.0,2.0,0.0,0.0,16.0,3.0,1.0,8.0,1.0,0.0,1.0,2.0,1.0,0.0,1.0,0.0,0.0,2.0,2021,1
141,Sevilla,34.0,0.0,0.0,2.0,0.0,2.0,3.0,5.0,1.0,10.0,2.0,1.0,1.0,4.0,1.0,0.0,0.0,2.0,0.0,0.0,2021,1
943,Aragón,56.0,2.0,0.0,11.0,2.0,0.0,2.0,11.0,1.0,6.0,1.0,3.0,6.0,5.0,1.0,0.0,2.0,1.0,2.0,0.0,2021,1
222,Huesca,9.0,0.0,0.0,1.0,0.0,0.0,0.0,2.0,0.0,1.0,0.0,3.0,1.0,1.0,0.0,0.0,0.0,0.0,0.0,0.0,2021,1
244,Teruel,4.0,1.0,0.0,2.0,0.0,0.0,0.0,0.0,0.0,0.0,0.0,0.0,0.0,0.0,0.0,0.0,0.0,1.0,0.0,0.0,2021,1
250,Zaragoza,43.0,1.0,0.0,8.0,2.0,0.0,2.0,9.0,1.0,5.0,1.0,0.0,5.0,4.0,1.0,0.0,2.0,0.0,2.0,0.0,2021,1
333,Asturias,28.0,0.0,0.0,4.0,0.0,0.0,3.0,8.0,1.0,4.0,0.0,0.0,0.0,2.0,1.0,0.0,1.0,1.0,2.0,1.0,2021,1
407,"Balears, Illes",49.0,0.0,0.0,5.0,0.0,0.0,9.0,5.0,1.0,8.0,4.0,0.0,3.0,8.0,3.0,0.0,0.0,0.0,2.0,1.0,2021,1
639,Canarias,38.0,1.0,0.0,3.0,0.0,0.0,4.0,6.0,0.0,14.0,0.0,0.0,2.0,1.0,2.0,0.0,0.0,1.0,3.0,1.0,2021,1
538,Santa Cruz de Tenerife,9.0,1.0,0.0,2.0,0.0,0.0,1.0,0.0,0.0,3.0,0.0,0.0,1.0,0.0,0.0,0.0,0.0,0.0,1.0,0.0,2021,1
639,Cantabria,11.0,0.0,0.0,0.0,0.0,0.0,3.0,2.0,0.0,1.0,1.0,0.0,0.0,1.0,0.0,0.0,0.0,0.0,2.0,1.0,2021,1
705,Ávila,4.0,0.0,0.0,0.0,0.0,0.0,3.0,0.0,0.0,1.0,0.0,0.0,0.0,0.0,0.0,0.0,0.0,0.0,0.0,0.0,2021,1
709,Burgos,3.0,0.0,0.0,2.0,0.0,0.0,0.0,0.0,0.0,1.0,0.0,0.0,0.0,0.0,0.0,0.0,0.0,0.0,0.0,0.0,2021,1
724,León,7.0,0.0,0.0,0.0,0.0,0.0,0.0,3.0,0.0,2.0,1.0,0.0,0.0,0.0,1.0,0.0,0.0,0.0,0.0,0.0,2021,1
734,Palencia,2.0,0.0,0.0,0.0,0.0,0.0,0.0,1.0,0.0,0.0,0.0,0.0,0.0,0.0,0.0,0.0,0.0,0.0,0.0,1.0,2021,1
737,Salamanca,6.0,0.0,0.0,0.0,0.0,0.0,1.0,2.0,0.0,1.0,0.0,0.0,0.0,0.0,0.0,0.0,1.0,0.0,1.0,0.0,2021,1
740,Segovia,3.0,0.0,0.0,0.0,0.0,0.0,0.0,0.0,0.0,1.0,0.0,0.0,2.0,0.0,0.0,0.0,0.0,0.0,0.0,0.0,2021,1
742,Soria,3.0,0.0,0.0,0.0,0.0,0.0,0.0,2.0,1.0,0.0,0.0,0.0,0.0,0.0,0.0,0.0,0.0,0.0,0.0,0.0,2021,1
747,Valladolid,10.0,0.0,0.0,1.0,0.0,0.0,2.0,1.0,0.0,2.0,0.0,0.0,0.0,1.0,0.0,0.0,1.0,0.0,2.0,0.0,2021,1
749,Zamora,3.0,0.0,0.0,1.0,0.0,0.0,0.0,1.0,0.0,0.0,0.0,0.0,0.0,1.0,0.0,0.0,0.0,0.0,0.0,0.0,2021,1
802,Albacete,12.0,0.0,1.0,1.0,1.0,0.0,1.0,3.0,0.0,2.0,0.0,0.0,0.0,1.0,0.0,0.0,0.0,1.0,1.0,0.0,2021,1
813,Ciudad Real,3.0,0.0,0.0,1.0,0.0,0.0,1.0,0.0,0.0,0.0,0.0,0.0,0.0,0.0,0.0,0.0,0.0,0.0,0.0,1.0,2021,1
816,Cuenca,2.0,0.0,0.0,0.0,0.0,0.0,1.0,0.0,1.0,0.0,0.0,0.0,0.0,0.0,0.0,0.0,0.0,0.0,0.0,0.0,2021,1
819,Guadalajara,3.0,0.0,0.0,0.0,0.0,0.0,1.0,0.0,0.0,1.0,0.0,0.0,1.0,0.0,0.0,0.0,0.0,0.0,0.0,0.0,2021,1
845,Toledo,15.0,0.0,0.0,4.0,0.0,0.0,6.0,3.0,0.0,1.0,0.0,0.0,0.0,0.0,1.0,0.0,0.0,0.0,0.0,0.0,2021,1
908,Barcelona,355.0,0.0,0.0,51.0,1.0,1.0,33.0,70.0,15.0,47.0,28.0,4.0,12.0,27.0,35.0,1.0,9.0,5.0,10.0,6.0,2021,1
917,Girona,22.0,0.0,0.0,0.0,0.0,0.0,4.0,5.0,4.0,4.0,0.0,0.0,2.0,0.0,2.0,0.0,0.0,0.0,0.0,1.0,2021,1
925,Lleida,6.0,0.0,0.0,0.0,0.0,0.0,0.0,0.0,0.0,3.0,1.0,0.0,0.0,1.0,0.0,0.0,1.0,0.0,0.0,0.0,2021,1
943,Tarragona,18.0,0.0,0.0,0.0,0.0,0.0,3.0,5.0,1.0,4.0,0.0,1.0,2.0,1.0,1.0,0.0,0.0,0.0,0.0,0.0,2021,1
734,Valencia,145.0,0.0,0.0,12.0,0.0,0.0,17.0,29.0,8.0,32.0,5.0,2.0,10.0,9.0,4.0,0.0,2.0,3.0,5.0,7.0,2021,1
1106,Badajoz,8.0,0.0,0.0,2.0,0.0,0.0,2.0,2.0,0.0,1.0,0.0,0.0,0.0,0.0,0.0,0.0,0.0,0.0,1.0,0.0,2021,1
1110,Cáceres,2.0,0.0,0.0,0.0,0.0,0.0,0.0,0.0,0.0,1.0,0.0,0.0,1.0,0.0,0.0,0.0,0.0,0.0,0.0,0.0,2021,1
1227,Lugo,12.0,0.0,0.0,3.0,0.0,0.0,2.0,1.0,1.0,2.0,0.0,1.0,0.0,0.0,0.0,0.0,1.0,0.0,1.0,0.0,2021,1
1232,Ourense,4.0,1.0,0.0,0.0,0.0,0.0,1.0,1.0,0.0,0.0,0.0,0.0,0.0,0.0,0.0,0.0,0.0,1.0,0.0,0.0,2021,1
1236,Pontevedra,17.0,0.0,0.0,3.0,0.0,0.0,1.0,2.0,3.0,2.0,1.0,0.0,0.0,2.0,2.0,0.0,0.0,0.0,0.0,1.0,2021,1
1328,Madrid,270.0,1.0,0.0,18.0,1.0,0.0,31.0,38.0,8.0,59.0,10.0,2.0,15.0,33.0,18.0,0.0,10.0,5.0,10.0,11.0,2021,1
1430,Murcia,20.0,1.0,0.0,3.0,0.0,1.0,0.0,7.0,0.0,4.0,0.0,0.0,0.0,2.0,1.0,0.0,0.0,0.0,0.0,1.0,2021,1
1531,Navarra,6.0,0.0,0.0,0.0,0.0,0.0,1.0,0.0,0.0,1.0,0.0,0.0,0.0,0.0,2.0,0.0,0.0,0.0,1.0,1.0,2021,1
1601,Araba/Álava,7.0,0.0,0.0,4.0,0.0,0.0,0.0,0.0,0.0,2.0,0.0,0.0,0.0,1.0,0.0,0.0,0.0,0.0,0.0,0.0,2021,1
1648,Bizkaia,64.0,0.0,0.0,7.0,0.0,0.0,8.0,14.0,6.0,16.0,2.0,0.0,1.0,6.0,1.0,0.0,0.0,0.0,0.0,3.0,2021,1
1620,Gipuzkoa,24.0,0.0,0.0,2.0,0.0,0.0,4.0,3.0,1.0,6.0,1.0,1.0,0.0,1.0,0.0,0.0,1.0,1.0,3.0,0.0,2021,1
1851,Ceuta,0.0,0.0,0.0,0.0,0.0,0.0,0.0,0.0,0.0,0.0,0.0,0.0,0.0,0.0,0.0,0.0,0.0,0.0,0.0,0.0,2021,1
1952,Melilla,1.0,0.0,0.0,0.0,0.0,0.0,0.0,1.0,0.0,0.0,0.0,0.0,0.0,0.0,0.0,0.0,0.0,0.0,0.0,0.0,2021,1
104,Almería,10.0,1.0,0.0,2.0,0.0,0.0,1.0,3.0,1.0,1.0,0.0,0.0,0.0,0.0,0.0,0.0,0.0,0.0,0.0,1.0,2021,2
111,Cádiz,11.0,1.0,0.0,1.0,0.0,0.0,2.0,2.0,0.0,0.0,0.0,0.0,1.0,1.0,1.0,0.0,0.0,0.0,0.0,2.0,2021,2
114,Córdoba,5.0,0.0,0.0,1.0,0.0,0.0,0.0,0.0,2.0,1.0,0.0,0.0,0.0,1.0,0.0,0.0,0.0,0.0,0.0,0.0,2021,2
118,Granada,13.0,0.0,0.0,1.0,0.0,0.0,2.0,1.0,0.0,7.0,1.0,0.0,0.0,1.0,0.0,0.0,0.0,0.0,0.0,0.0,2021,2
121,Huelva,8.0,0.0,0.0,0.0,0.0,1.0,1.0,4.0,0.0,0.0,1.0,0.0,0.0,0.0,0.0,0.0,0.0,0.0,1.0,0.0,2021,2
123,Jaén,2.0,0.0,1.0,0.0,0.0,0.0,0.0,0.0,0.0,0.0,0.0,0.0,0.0,0.0,0.0,0.0,1.0,0.0,0.0,0.0,2021,2
129,Málaga,22.0,0.0,0.0,1.0,0.0,0.0,4.0,6.0,0.0,5.0,0.0,0.0,0.0,0.0,2.0,0.0,1.0,2.0,0.0,1.0,2021,2
141,Sevilla,32.0,0.0,0.0,3.0,1.0,0.0,8.0,6.0,2.0,8.0,0.0,0.0,0.0,2.0,1.0,0.0,1.0,0.0,0.0,0.0,2021,2
943,Aragón,38.0,0.0,0.0,5.0,0.0,0.0,7.0,7.0,2.0,7.0,1.0,0.0,2.0,5.0,1.0,0.0,1.0,0.0,0.0,0.0,2021,2
222,Huesca,7.0,0.0,0.0,1.0,0.0,0.0,1.0,1.0,1.0,2.0,0.0,0.0,1.0,0.0,0.0,0.0,0.0,0.0,0.0,0.0,2021,2
244,Teruel,5.0,0.0,0.0,0.0,0.0,0.0,1.0,2.0,0.0,1.0,0.0,0.0,0.0,0.0,1.0,0.0,0.0,0.0,0.0,0.0,2021,2
250,Zaragoza,26.0,0.0,0.0,4.0,0.0,0.0,5.0,4.0,1.0,4.0,1.0,0.0,1.0,5.0,0.0,0.0,1.0,0.0,0.0,0.0,2021,2
333,Asturias,25.0,0.0,0.0,4.0,0.0,0.0,7.0,6.0,1.0,4.0,0.0,0.0,0.0,1.0,2.0,0.0,0.0,0.0,0.0,0.0,2021,2
407,"Balears, Illes",30.0,0.0,0.0,3.0,0.0,0.0,5.0,5.0,1.0,9.0,3.0,0.0,0.0,0.0,1.0,0.0,0.0,0.0,1.0,2.0,2021,2
639,Canarias,31.0,0.0,0.0,0.0,0.0,1.0,7.0,6.0,0.0,6.0,2.0,0.0,0.0,2.0,3.0,0.0,2.0,1.0,1.0,0.0,2021,2
538,Santa Cruz de Tenerife,14.0,0.0,0.0,0.0,0.0,1.0,2.0,2.0,0.0,1.0,1.0,0.0,0.0,2.0,2.0,0.0,2.0,1.0,0.0,0.0,2021,2
639,Cantabria,10.0,0.0,0.0,1.0,0.0,0.0,2.0,3.0,0.0,1.0,1.0,0.0,1.0,1.0,0.0,0.0,0.0,0.0,0.0,0.0,2021,2
705,Ávila,2.0,0.0,0.0,0.0,0.0,0.0,0.0,0.0,0.0,0.0,0.0,0.0,0.0,0.0,0.0,0.0,2.0,0.0,0.0,0.0,2021,2
709,Burgos,9.0,0.0,0.0,2.0,0.0,0.0,2.0,1.0,0.0,2.0,0.0,0.0,1.0,0.0,0.0,0.0,0.0,0.0,1.0,0.0,2021,2
724,León,3.0,0.0,0.0,0.0,0.0,0.0,1.0,1.0,0.0,0.0,0.0,0.0,0.0,1.0,0.0,0.0,0.0,0.0,0.0,0.0,2021,2
734,Palencia,4.0,1.0,0.0,0.0,0.0,0.0,0.0,1.0,0.0,0.0,0.0,0.0,1.0,0.0,1.0,0.0,0.0,0.0,0.0,0.0,2021,2
737,Salamanca,4.0,0.0,0.0,0.0,0.0,0.0,0.0,0.0,0.0,2.0,0.0,0.0,1.0,0.0,0.0,0.0,0.0,0.0,1.0,0.0,2021,2
740,Segovia,1.0,0.0,0.0,1.0,0.0,0.0,0.0,0.0,0.0,0.0,0.0,0.0,0.0,0.0,0.0,0.0,0.0,0.0,0.0,0.0,2021,2
742,Soria,2.0,0.0,0.0,1.0,0.0,0.0,0.0,0.0,1.0,0.0,0.0,0.0,0.0,0.0,0.0,0.0,0.0,0.0,0.0,0.0,2021,2
747,Valladolid,10.0,0.0,0.0,3.0,0.0,0.0,2.0,4.0,0.0,1.0,0.0,0.0,0.0,0.0,0.0,0.0,0.0,0.0,0.0,0.0,2021,2
749,Zamora,4.0,0.0,0.0,0.0,0.0,0.0,1.0,1.0,0.0,1.0,0.0,0.0,0.0,0.0,0.0,0.0,0.0,0.0,0.0,1.0,2021,2
802,Albacete,8.0,0.0,0.0,0.0,0.0,0.0,2.0,0.0,0.0,1.0,1.0,1.0,0.0,1.0,1.0,0.0,0.0,0.0,1.0,0.0,2021,2
813,Ciudad Real,4.0,0.0,0.0,0.0,0.0,0.0,0.0,1.0,0.0,0.0,0.0,0.0,0.0,0.0,0.0,0.0,1.0,0.0,1.0,1.0,2021,2
816,Cuenca,3.0,0.0,0.0,0.0,0.0,0.0,0.0,0.0,2.0,0.0,0.0,0.0,1.0,0.0,0.0,0.0,0.0,0.0,0.0,0.0,2021,2
819,Guadalajara,4.0,0.0,0.0,1.0,0.0,0.0,1.0,0.0,0.0,1.0,0.0,0.0,0.0,0.0,0.0,0.0,1.0,0.0,0.0,0.0,2021,2
845,Toledo,12.0,0.0,0.0,4.0,0.0,0.0,1.0,1.0,2.0,2.0,0.0,0.0,0.0,0.0,0.0,0.0,0.0,0.0,2.0,0.0,2021,2
908,Barcelona,274.0,0.0,0.0,39.0,1.0,0.0,41.0,52.0,7.0,38.0,21.0,3.0,11.0,25.0,12.0,0.0,2.0,3.0,9.0,10.0,2021,2
917,Girona,22.0,0.0,0.0,3.0,0.0,0.0,5.0,3.0,2.0,5.0,0.0,0.0,3.0,0.0,0.0,0.0,1.0,0.0,0.0,0.0,2021,2
925,Lleida,9.0,1.0,0.0,0.0,0.0,0.0,2.0,0.0,0.0,2.0,1.0,0.0,1.0,1.0,0.0,0.0,0.0,0.0,0.0,1.0,2021,2
943,Tarragona,26.0,3.0,0.0,1.0,0.0,1.0,7.0,8.0,1.0,3.0,0.0,0.0,0.0,0.0,0.0,0.0,0.0,0.0,0.0,2.0,2021,2
734,Valencia,111.0,2.0,1.0,12.0,0.0,0.0,27.0,27.0,3.0,15.0,0.0,1.0,5.0,8.0,2.0,0.0,0.0,2.0,2.0,4.0,2021,2
1106,Badajoz,9.0,0.0,0.0,2.0,0.0,0.0,1.0,2.0,0.0,0.0,1.0,0.0,0.0,1.0,0.0,0.0,0.0,1.0,1.0,0.0,2021,2
1110,Cáceres,4.0,0.0,0.0,0.0,0.0,0.0,0.0,2.0,0.0,1.0,0.0,0.0,0.0,1.0,0.0,0.0,0.0,0.0,0.0,0.0,2021,2
1227,Lugo,6.0,1.0,0.0,0.0,0.0,0.0,1.0,2.0,0.0,1.0,0.0,0.0,0.0,0.0,0.0,0.0,1.0,0.0,0.0,0.0,2021,2
1232,Ourense,4.0,0.0,0.0,1.0,0.0,0.0,1.0,0.0,0.0,0.0,0.0,0.0,0.0,1.0,1.0,0.0,0.0,0.0,0.0,0.0,2021,2
1236,Pontevedra,21.0,0.0,0.0,4.0,0.0,0.0,1.0,7.0,1.0,3.0,1.0,1.0,0.0,2.0,0.0,0.0,0.0,1.0,0.0,0.0,2021,2
1328,Madrid,345.0,0.0,0.0,20.0,1.0,0.0,46.0,70.0,6.0,50.0,20.0,5.0,19.0,39.0,23.0,0.0,16.0,6.0,11.0,13.0,2021,2
1430,Murcia,25.0,1.0,0.0,1.0,0.0,0.0,8.0,3.0,1.0,2.0,0.0,0.0,1.0,3.0,4.0,0.0,1.0,0.0,0.0,0.0,2021,2
1531,Navarra,7.0,0.0,0.0,3.0,0.0,0.0,0.0,1.0,0.0,1.0,0.0,0.0,1.0,0.0,1.0,0.0,0.0,0.0,0.0,0.0,2021,2
1601,Araba/Álava,10.0,0.0,0.0,0.0,0.0,0.0,1.0,2.0,0.0,4.0,0.0,0.0,0.0,1.0,0.0,0.0,0.0,2.0,0.0,0.0,2021,2
1648,Bizkaia,32.0,0.0,0.0,9.0,0.0,0.0,4.0,7.0,1.0,2.0,3.0,0.0,3.0,1.0,0.0,0.0,0.0,1.0,0.0,1.0,2021,2
1620,Gipuzkoa,24.0,0.0,0.0,6.0,0.0,0.0,6.0,3.0,1.0,3.0,1.0,0.0,0.0,0.0,2.0,0.0,0.0,0.0,2.0,0.0,2021,2
1851,Ceuta,0.0,0.0,0.0,0.0,0.0,0.0,0.0,0.0,0.0,0.0,0.0,0.0,0.0,0.0,0.0,0.0,0.0,0.0,0.0,0.0,2021,2
1952,Melilla,0.0,0.0,0.0,0.0,0.0,0.0,0.0,0.0,0.0,0.0,0.0,0.0,0.0,0.0,0.0,0.0,0.0,0.0,0.0,0.0,2021,2
104,Almería,10.0,0.0,0.0,0.0,0.0,0.0,2.0,4.0,1.0,3.0,0.0,0.0,0.0,0.0,0.0,0.0,0.0,0.0,0.0,0.0,2021,3
111,Cádiz,6.0,0.0,0.0,0.0,0.0,0.0,3.0,1.0,0.0,1.0,0.0,1.0,0.0,0.0,0.0,0.0,0.0,0.0,0.0,0.0,2021,3
114,Córdoba,6.0,0.0,0.0,1.0,0.0,0.0,0.0,2.0,0.0,0.0,0.0,0.0,0.0,0.0,0.0,0.0,0.0,0.0,1.0,2.0,2021,3
118,Granada,5.0,0.0,0.0,0.0,0.0,0.0,0.0,1.0,0.0,3.0,0.0,0.0,0.0,1.0,0.0,0.0,0.0,0.0,0.0,0.0,2021,3
121,Huelva,4.0,0.0,0.0,1.0,0.0,0.0,0.0,0.0,0.0,1.0,0.0,1.0,0.0,0.0,1.0,0.0,0.0,0.0,0.0,0.0,2021,3
123,Jaén,3.0,0.0,0.0,0.0,0.0,0.0,0.0,0.0,1.0,2.0,0.0,0.0,0.0,0.0,0.0,0.0,0.0,0.0,0.0,0.0,2021,3
129,Málaga,19.0,0.0,0.0,2.0,0.0,0.0,1.0,3.0,1.0,6.0,0.0,0.0,1.0,1.0,3.0,0.0,0.0,1.0,0.0,0.0,2021,3
141,Sevilla,22.0,0.0,0.0,1.0,0.0,0.0,3.0,9.0,0.0,4.0,0.0,0.0,2.0,0.0,1.0,0.0,1.0,0.0,1.0,0.0,2021,3
943,Aragón,28.0,0.0,0.0,5.0,0.0,0.0,4.0,7.0,5.0,2.0,2.0,0.0,1.0,1.0,0.0,0.0,1.0,0.0,0.0,0.0,2021,3
222,Huesca,1.0,0.0,0.0,0.0,0.0,0.0,0.0,1.0,0.0,0.0,0.0,0.0,0.0,0.0,0.0,0.0,0.0,0.0,0.0,0.0,2021,3
244,Teruel,1.0,0.0,0.0,0.0,0.0,0.0,1.0,0.0,0.0,0.0,0.0,0.0,0.0,0.0,0.0,0.0,0.0,0.0,0.0,0.0,2021,3
250,Zaragoza,26.0,0.0,0.0,5.0,0.0,0.0,3.0,6.0,5.0,2.0,2.0,0.0,1.0,1.0,0.0,0.0,1.0,0.0,0.0,0.0,2021,3
333,Asturias,10.0,0.0,0.0,1.0,0.0,0.0,3.0,2.0,0.0,2.0,0.0,0.0,0.0,1.0,0.0,0.0,0.0,0.0,0.0,1.0,2021,3
407,"Balears, Illes",21.0,0.0,0.0,2.0,0.0,0.0,4.0,2.0,1.0,4.0,2.0,0.0,1.0,0.0,3.0,0.0,0.0,0.0,1.0,1.0,2021,3
639,Canarias,29.0,1.0,0.0,5.0,1.0,0.0,3.0,1.0,1.0,7.0,1.0,0.0,1.0,1.0,5.0,0.0,1.0,0.0,0.0,1.0,2021,3
538,Santa Cruz de Tenerife,9.0,0.0,0.0,1.0,0.0,0.0,0.0,0.0,0.0,3.0,0.0,0.0,1.0,1.0,2.0,0.0,0.0,0.0,0.0,1.0,2021,3
639,Cantabria,4.0,0.0,0.0,0.0,0.0,0.0,0.0,2.0,0.0,0.0,0.0,0.0,0.0,1.0,0.0,0.0,1.0,0.0,0.0,0.0,2021,3
705,Ávila,1.0,0.0,0.0,0.0,0.0,0.0,1.0,0.0,0.0,0.0,0.0,0.0,0.0,0.0,0.0,0.0,0.0,0.0,0.0,0.0,2021,3
709,Burgos,3.0,0.0,0.0,0.0,0.0,0.0,1.0,0.0,0.0,1.0,0.0,0.0,0.0,0.0,0.0,0.0,0.0,1.0,0.0,0.0,2021,3
724,León,4.0,0.0,0.0,3.0,0.0,0.0,0.0,0.0,1.0,0.0,0.0,0.0,0.0,0.0,0.0,0.0,0.0,0.0,0.0,0.0,2021,3
734,Palencia,3.0,0.0,0.0,1.0,0.0,0.0,1.0,0.0,1.0,0.0,0.0,0.0,0.0,0.0,0.0,0.0,0.0,0.0,0.0,0.0,2021,3
737,Salamanca,6.0,1.0,0.0,0.0,0.0,0.0,1.0,1.0,0.0,1.0,0.0,0.0,0.0,0.0,1.0,0.0,1.0,0.0,0.0,0.0,2021,3
740,Segovia,1.0,1.0,0.0,0.0,0.0,0.0,0.0,0.0,0.0,0.0,0.0,0.0,0.0,0.0,0.0,0.0,0.0,0.0,0.0,0.0,2021,3
742,Soria,1.0,0.0,0.0,0.0,0.0,0.0,0.0,0.0,0.0,0.0,0.0,0.0,1.0,0.0,0.0,0.0,0.0,0.0,0.0,0.0,2021,3
747,Valladolid,15.0,0.0,0.0,0.0,0.0,0.0,2.0,3.0,2.0,5.0,0.0,0.0,0.0,2.0,0.0,0.0,0.0,0.0,0.0,1.0,2021,3
749,Zamora,0.0,0.0,0.0,0.0,0.0,0.0,0.0,0.0,0.0,0.0,0.0,0.0,0.0,0.0,0.0,0.0,0.0,0.0,0.0,0.0,2021,3
802,Albacete,6.0,0.0,0.0,0.0,0.0,0.0,3.0,0.0,1.0,1.0,0.0,0.0,0.0,0.0,0.0,0.0,0.0,0.0,1.0,0.0,2021,3
813,Ciudad Real,7.0,2.0,0.0,0.0,0.0,0.0,3.0,0.0,0.0,2.0,0.0,0.0,0.0,0.0,0.0,0.0,0.0,0.0,0.0,0.0,2021,3
816,Cuenca,6.0,1.0,0.0,0.0,0.0,0.0,1.0,2.0,0.0,2.0,0.0,0.0,0.0,0.0,0.0,0.0,0.0,0.0,0.0,0.0,2021,3
819,Guadalajara,4.0,0.0,0.0,0.0,0.0,0.0,1.0,0.0,0.0,1.0,0.0,0.0,1.0,0.0,0.0,0.0,0.0,0.0,0.0,1.0,2021,3
845,Toledo,14.0,0.0,0.0,2.0,0.0,0.0,3.0,6.0,2.0,0.0,0.0,0.0,0.0,0.0,0.0,0.0,0.0,0.0,1.0,0.0,2021,3
908,Barcelona,198.0,0.0,0.0,24.0,2.0,1.0,28.0,43.0,3.0,20.0,9.0,1.0,6.0,18.0,15.0,0.0,7.0,2.0,11.0,8.0,2021,3
917,Girona,17.0,1.0,0.0,3.0,0.0,0.0,3.0,2.0,1.0,3.0,0.0,0.0,1.0,0.0,1.0,0.0,0.0,1.0,1.0,0.0,2021,3
925,Lleida,11.0,2.0,0.0,1.0,0.0,0.0,2.0,3.0,1.0,2.0,0.0,0.0,0.0,0.0,0.0,0.0,0.0,0.0,0.0,0.0,2021,3
943,Tarragona,11.0,0.0,0.0,1.0,4.0,0.0,1.0,2.0,0.0,0.0,0.0,0.0,0.0,1.0,1.0,0.0,0.0,0.0,1.0,0.0,2021,3
734,Valencia,82.0,0.0,0.0,7.0,0.0,1.0,10.0,16.0,7.0,17.0,2.0,2.0,1.0,5.0,8.0,0.0,2.0,0.0,1.0,3.0,2021,3
1106,Badajoz,5.0,0.0,0.0,2.0,0.0,0.0,0.0,2.0,0.0,0.0,0.0,0.0,0.0,0.0,0.0,1.0,0.0,0.0,0.0,0.0,2021,3
1110,Cáceres,3.0,0.0,0.0,0.0,0.0,0.0,1.0,2.0,0.0,0.0,0.0,0.0,0.0,0.0,0.0,0.0,0.0,0.0,0.0,0.0,2021,3
1227,Lugo,7.0,0.0,0.0,1.0,0.0,0.0,1.0,2.0,1.0,2.0,0.0,0.0,0.0,0.0,0.0,0.0,0.0,0.0,0.0,0.0,2021,3
1232,Ourense,3.0,0.0,0.0,1.0,0.0,0.0,1.0,0.0,0.0,0.0,0.0,0.0,0.0,0.0,0.0,0.0,1.0,0.0,0.0,0.0,2021,3
1236,Pontevedra,14.0,0.0,0.0,3.0,0.0,0.0,6.0,0.0,0.0,2.0,1.0,0.0,1.0,0.0,1.0,0.0,0.0,0.0,0.0,0.0,2021,3
1328,Madrid,205.0,0.0,0.0,17.0,0.0,0.0,27.0,44.0,6.0,31.0,9.0,3.0,10.0,23.0,11.0,0.0,9.0,1.0,7.0,7.0,2021,3
1430,Murcia,16.0,0.0,2.0,2.0,0.0,0.0,3.0,5.0,0.0,1.0,0.0,0.0,0.0,1.0,1.0,0.0,0.0,0.0,0.0,1.0,2021,3
1531,Navarra,6.0,0.0,0.0,2.0,0.0,0.0,0.0,1.0,0.0,2.0,0.0,0.0,0.0,0.0,0.0,0.0,0.0,0.0,1.0,0.0,2021,3
1601,Araba/Álava,5.0,0.0,0.0,2.0,0.0,0.0,1.0,0.0,0.0,0.0,0.0,0.0,0.0,0.0,0.0,0.0,2.0,0.0,0.0,0.0,2021,3
1648,Bizkaia,22.0,0.0,0.0,3.0,0.0,0.0,2.0,6.0,1.0,3.0,1.0,0.0,2.0,1.0,1.0,0.0,0.0,2.0,0.0,0.0,2021,3
1620,Gipuzkoa,24.0,0.0,0.0,8.0,0.0,0.0,2.0,3.0,2.0,4.0,0.0,0.0,2.0,1.0,1.0,0.0,0.0,0.0,1.0,0.0,2021,3
1851,Ceuta,1.0,0.0,0.0,0.0,0.0,0.0,0.0,1.0,0.0,0.0,0.0,0.0,0.0,0.0,0.0,0.0,0.0,0.0,0.0,0.0,2021,3
1952,Melilla,0.0,0.0,0.0,0.0,0.0,0.0,0.0,0.0,0.0,0.0,0.0,0.0,0.0,0.0,0.0,0.0,0.0,0.0,0.0,0.0,2021,3
104,Almería,12.0,1.0,0.0,0.0,0.0,0.0,5.0,3.0,0.0,0.0,0.0,0.0,0.0,0.0,0.0,0.0,2.0,0.0,1.0,0.0,2021,4
111,Cádiz,24.0,2.0,0.0,2.0,0.0,0.0,6.0,5.0,0.0,2.0,0.0,0.0,0.0,3.0,1.0,0.0,1.0,0.0,2.0,0.0,2021,4
114,Córdoba,10.0,0.0,0.0,1.0,0.0,0.0,0.0,3.0,0.0,1.0,1.0,0.0,3.0,1.0,0.0,0.0,0.0,0.0,0.0,0.0,2021,4
118,Granada,9.0,0.0,0.0,3.0,0.0,0.0,2.0,1.0,1.0,0.0,0.0,0.0,0.0,0.0,0.0,0.0,0.0,1.0,1.0,0.0,2021,4
121,Huelva,5.0,1.0,0.0,1.0,0.0,0.0,0.0,0.0,1.0,1.0,0.0,0.0,1.0,0.0,0.0,0.0,0.0,0.0,0.0,0.0,2021,4
123,Jaén,8.0,0.0,0.0,1.0,1.0,0.0,1.0,0.0,0.0,2.0,0.0,0.0,1.0,0.0,0.0,0.0,1.0,0.0,1.0,0.0,2021,4
129,Málaga,17.0,0.0,0.0,0.0,0.0,0.0,1.0,6.0,1.0,4.0,0.0,0.0,1.0,0.0,2.0,0.0,0.0,0.0,1.0,1.0,2021,4
141,Sevilla,31.0,0.0,1.0,4.0,0.0,0.0,6.0,3.0,1.0,2.0,1.0,0.0,2.0,3.0,2.0,0.0,1.0,2.0,1.0,2.0,2021,4
943,Aragón,33.0,3.0,0.0,5.0,0.0,0.0,5.0,7.0,1.0,7.0,0.0,0.0,1.0,0.0,2.0,0.0,1.0,0.0,0.0,1.0,2021,4
222,Huesca,5.0,0.0,0.0,2.0,0.0,0.0,1.0,0.0,0.0,2.0,0.0,0.0,0.0,0.0,0.0,0.0,0.0,0.0,0.0,0.0,2021,4
244,Teruel,6.0,2.0,0.0,1.0,0.0,0.0,2.0,1.0,0.0,0.0,0.0,0.0,0.0,0.0,0.0,0.0,0.0,0.0,0.0,0.0,2021,4
250,Zaragoza,22.0,1.0,0.0,2.0,0.0,0.0,2.0,6.0,1.0,5.0,0.0,0.0,1.0,0.0,2.0,0.0,1.0,0.0,0.0,1.0,2021,4
333,Asturias,19.0,2.0,0.0,3.0,0.0,0.0,6.0,4.0,0.0,3.0,0.0,0.0,0.0,0.0,0.0,0.0,0.0,0.0,0.0,1.0,2021,4
407,"Balears, Illes",16.0,0.0,0.0,0.0,0.0,0.0,4.0,2.0,0.0,3.0,1.0,0.0,3.0,2.0,1.0,0.0,0.0,0.0,0.0,0.0,2021,4
639,Canarias,27.0,1.0,0.0,0.0,0.0,0.0,5.0,4.0,1.0,9.0,1.0,0.0,0.0,2.0,1.0,0.0,0.0,2.0,1.0,0.0,2021,4
538,Santa Cruz de Tenerife,10.0,0.0,0.0,0.0,0.0,0.0,4.0,2.0,0.0,1.0,1.0,0.0,0.0,1.0,0.0,0.0,0.0,0.0,1.0,0.0,2021,4
639,Cantabria,11.0,0.0,0.0,1.0,0.0,0.0,2.0,3.0,1.0,2.0,0.0,0.0,0.0,1.0,0.0,0.0,1.0,0.0,0.0,0.0,2021,4
705,Ávila,2.0,0.0,0.0,0.0,0.0,0.0,0.0,1.0,0.0,1.0,0.0,0.0,0.0,0.0,0.0,0.0,0.0,0.0,0.0,0.0,2021,4
709,Burgos,5.0,0.0,1.0,1.0,0.0,0.0,1.0,1.0,0.0,0.0,0.0,0.0,0.0,1.0,0.0,0.0,0.0,0.0,0.0,0.0,2021,4
724,León,5.0,1.0,0.0,0.0,0.0,0.0,0.0,2.0,1.0,1.0,0.0,0.0,0.0,0.0,0.0,0.0,0.0,0.0,0.0,0.0,2021,4
734,Palencia,2.0,0.0,0.0,1.0,0.0,0.0,0.0,1.0,0.0,0.0,0.0,0.0,0.0,0.0,0.0,0.0,0.0,0.0,0.0,0.0,2021,4
737,Salamanca,2.0,0.0,0.0,1.0,0.0,0.0,0.0,0.0,0.0,1.0,0.0,0.0,0.0,0.0,0.0,0.0,0.0,0.0,0.0,0.0,2021,4
740,Segovia,1.0,0.0,0.0,0.0,0.0,0.0,0.0,1.0,0.0,0.0,0.0,0.0,0.0,0.0,0.0,0.0,0.0,0.0,0.0,0.0,2021,4
742,Soria,2.0,0.0,0.0,0.0,0.0,0.0,0.0,0.0,0.0,1.0,0.0,0.0,0.0,0.0,0.0,0.0,0.0,1.0,0.0,0.0,2021,4
747,Valladolid,7.0,0.0,0.0,1.0,0.0,0.0,2.0,2.0,0.0,0.0,0.0,0.0,0.0,0.0,0.0,0.0,0.0,0.0,2.0,0.0,2021,4
749,Zamora,0.0,0.0,0.0,0.0,0.0,0.0,0.0,0.0,0.0,0.0,0.0,0.0,0.0,0.0,0.0,0.0,0.0,0.0,0.0,0.0,2021,4
802,Albacete,8.0,0.0,0.0,3.0,0.0,0.0,1.0,4.0,0.0,0.0,0.0,0.0,0.0,0.0,0.0,0.0,0.0,0.0,0.0,0.0,2021,4
813,Ciudad Real,6.0,0.0,0.0,0.0,0.0,0.0,0.0,4.0,0.0,0.0,0.0,0.0,0.0,1.0,0.0,0.0,0.0,0.0,0.0,1.0,2021,4
816,Cuenca,2.0,0.0,0.0,1.0,0.0,0.0,0.0,0.0,0.0,0.0,0.0,0.0,0.0,1.0,0.0,0.0,0.0,0.0,0.0,0.0,2021,4
819,Guadalajara,3.0,0.0,0.0,1.0,0.0,0.0,0.0,0.0,0.0,0.0,1.0,0.0,0.0,0.0,1.0,0.0,0.0,0.0,0.0,0.0,2021,4
845,Toledo,13.0,1.0,0.0,1.0,0.0,0.0,1.0,3.0,1.0,2.0,0.0,1.0,0.0,1.0,0.0,0.0,0.0,1.0,0.0,1.0,2021,4
908,Barcelona,242.0,2.0,0.0,40.0,1.0,1.0,37.0,47.0,7.0,26.0,12.0,1.0,17.0,15.0,14.0,0.0,6.0,4.0,4.0,8.0,2021,4
917,Girona,16.0,0.0,0.0,0.0,1.0,0.0,4.0,5.0,1.0,3.0,0.0,0.0,1.0,1.0,0.0,0.0,0.0,0.0,0.0,0.0,2021,4
925,Lleida,8.0,0.0,0.0,0.0,0.0,0.0,2.0,2.0,1.0,1.0,0.0,0.0,0.0,0.0,0.0,0.0,0.0,1.0,0.0,1.0,2021,4
943,Tarragona,12.0,0.0,0.0,2.0,0.0,0.0,3.0,3.0,1.0,2.0,0.0,1.0,0.0,0.0,0.0,0.0,0.0,0.0,0.0,0.0,2021,4
734,Valencia,95.0,2.0,1.0,9.0,0.0,0.0,14.0,23.0,6.0,13.0,2.0,1.0,3.0,8.0,4.0,0.0,0.0,2.0,4.0,3.0,2021,4
1106,Badajoz,10.0,0.0,0.0,3.0,0.0,0.0,1.0,2.0,0.0,3.0,0.0,0.0,0.0,1.0,0.0,0.0,0.0,0.0,0.0,0.0,2021,4
1110,Cáceres,6.0,0.0,0.0,2.0,0.0,0.0,1.0,2.0,0.0,0.0,0.0,0.0,0.0,1.0,0.0,0.0,0.0,0.0,0.0,0.0,2021,4
1227,Lugo,8.0,0.0,0.0,2.0,0.0,0.0,0.0,1.0,2.0,2.0,0.0,0.0,1.0,0.0,0.0,0.0,0.0,0.0,0.0,0.0,2021,4
1232,Ourense,3.0,0.0,0.0,0.0,0.0,0.0,0.0,3.0,0.0,0.0,0.0,0.0,0.0,0.0,0.0,0.0,0.0,0.0,0.0,0.0,2021,4
1236,Pontevedra,9.0,1.0,0.0,3.0,0.0,0.0,2.0,1.0,1.0,0.0,0.0,0.0,0.0,0.0,0.0,0.0,1.0,0.0,0.0,0.0,2021,4
1328,Madrid,264.0,1.0,0.0,21.0,0.0,0.0,45.0,61.0,8.0,35.0,10.0,0.0,17.0,24.0,11.0,0.0,8.0,3.0,9.0,11.0,2021,4
1430,Murcia,17.0,2.0,0.0,3.0,0.0,0.0,3.0,8.0,0.0,0.0,0.0,0.0,1.0,0.0,0.0,0.0,0.0,0.0,0.0,0.0,2021,4
1531,Navarra,13.0,0.0,0.0,1.0,0.0,0.0,2.0,5.0,0.0,1.0,1.0,0.0,1.0,0.0,0.0,0.0,0.0,0.0,1.0,1.0,2021,4
1601,Araba/Álava,6.0,0.0,0.0,1.0,0.0,0.0,1.0,3.0,0.0,1.0,0.0,0.0,0.0,0.0,0.0,0.0,0.0,0.0,0.0,0.0,2021,4
1648,Bizkaia,42.0,0.0,0.0,8.0,0.0,0.0,7.0,10.0,2.0,5.0,1.0,0.0,4.0,1.0,1.0,0.0,3.0,0.0,0.0,0.0,2021,4
1620,Gipuzkoa,15.0,0.0,0.0,3.0,0.0,0.0,4.0,5.0,0.0,0.0,0.0,0.0,1.0,1.0,0.0,0.0,1.0,0.0,0.0,0.0,2021,4
1851,Ceuta,0.0,0.0,0.0,0.0,0.0,0.0,0.0,0.0,0.0,0.0,0.0,0.0,0.0,0.0,0.0,0.0,0.0,0.0,0.0,0.0,2021,4
1952,Melilla,1.0,0.0,0.0,0.0,0.0,0.0,0.0,1.0,0.0,0.0,0.0,0.0,0.0,0.0,0.0,0.0,0.0,0.0,0.0,0.0,2021,4
104,Almería,8.0,0.0,0.0,0.0,0.0,0.0,2.0,2.0,1.0,1.0,0.0,0.0,0.0,2.0,0.0,0.0,0.0,0.0,0.0,0.0,2022,1
111,Cádiz,12.0,0.0,0.0,2.0,0.0,0.0,1.0,0.0,1.0,2.0,0.0,0.0,4.0,0.0,0.0,0.0,0.0,0.0,0.0,2.0,2022,1
114,Córdoba,8.0,0.0,0.0,2.0,0.0,0.0,1.0,1.0,0.0,3.0,0.0,0.0,0.0,0.0,0.0,0.0,1.0,0.0,0.0,0.0,2022,1
118,Granada,12.0,1.0,0.0,0.0,0.0,0.0,4.0,4.0,1.0,2.0,0.0,0.0,0.0,0.0,0.0,0.0,0.0,0.0,0.0,0.0,2022,1
121,Huelva,7.0,0.0,0.0,1.0,0.0,0.0,3.0,1.0,0.0,0.0,0.0,0.0,0.0,0.0,0.0,0.0,0.0,1.0,1.0,0.0,2022,1
123,Jaén,1.0,0.0,0.0,0.0,0.0,0.0,1.0,0.0,0.0,0.0,0.0,0.0,0.0,0.0,0.0,0.0,0.0,0.0,0.0,0.0,2022,1
129,Málaga,25.0,0.0,0.0,3.0,0.0,0.0,4.0,2.0,0.0,6.0,0.0,0.0,1.0,1.0,2.0,0.0,1.0,2.0,0.0,3.0,2022,1
141,Sevilla,36.0,0.0,0.0,4.0,1.0,0.0,4.0,6.0,1.0,5.0,2.0,0.0,0.0,2.0,8.0,0.0,0.0,2.0,0.0,1.0,2022,1
943,Aragón,48.0,3.0,0.0,7.0,0.0,0.0,7.0,13.0,2.0,6.0,5.0,0.0,3.0,0.0,0.0,0.0,1.0,0.0,1.0,0.0,2022,1
222,Huesca,4.0,1.0,0.0,1.0,0.0,0.0,1.0,1.0,0.0,0.0,0.0,0.0,0.0,0.0,0.0,0.0,0.0,0.0,0.0,0.0,2022,1
244,Teruel,3.0,1.0,0.0,0.0,0.0,0.0,0.0,0.0,1.0,0.0,1.0,0.0,0.0,0.0,0.0,0.0,0.0,0.0,0.0,0.0,2022,1
250,Zaragoza,41.0,1.0,0.0,6.0,0.0,0.0,6.0,12.0,1.0,6.0,4.0,0.0,3.0,0.0,0.0,0.0,1.0,0.0,1.0,0.0,2022,1
333,Asturias,23.0,2.0,0.0,3.0,0.0,0.0,6.0,3.0,1.0,2.0,2.0,0.0,1.0,0.0,1.0,0.0,1.0,1.0,0.0,0.0,2022,1
407,"Balears, Illes",34.0,0.0,0.0,0.0,0.0,0.0,6.0,4.0,0.0,16.0,0.0,1.0,1.0,1.0,1.0,0.0,3.0,0.0,1.0,0.0,2022,1
639,Canarias,28.0,3.0,0.0,0.0,0.0,0.0,4.0,7.0,1.0,5.0,0.0,0.0,3.0,1.0,2.0,0.0,0.0,0.0,1.0,1.0,2022,1
538,Santa Cruz de Tenerife,11.0,2.0,0.0,0.0,0.0,0.0,3.0,2.0,0.0,2.0,0.0,0.0,0.0,0.0,0.0,0.0,0.0,0.0,1.0,1.0,2022,1
639,Cantabria,20.0,0.0,0.0,1.0,0.0,0.0,5.0,2.0,2.0,4.0,0.0,0.0,2.0,0.0,1.0,0.0,1.0,0.0,2.0,0.0,2022,1
705,Ávila,1.0,0.0,0.0,0.0,0.0,0.0,1.0,0.0,0.0,0.0,0.0,0.0,0.0,0.0,0.0,0.0,0.0,0.0,0.0,0.0,2022,1
709,Burgos,6.0,0.0,0.0,1.0,0.0,0.0,1.0,2.0,1.0,1.0,0.0,0.0,0.0,0.0,0.0,0.0,0.0,0.0,0.0,0.0,2022,1
724,León,2.0,0.0,0.0,0.0,0.0,0.0,1.0,1.0,0.0,0.0,0.0,0.0,0.0,0.0,0.0,0.0,0.0,0.0,0.0,0.0,2022,1
734,Palencia,1.0,0.0,0.0,0.0,0.0,0.0,0.0,1.0,0.0,0.0,0.0,0.0,0.0,0.0,0.0,0.0,0.0,0.0,0.0,0.0,2022,1
737,Salamanca,2.0,0.0,0.0,0.0,0.0,0.0,0.0,1.0,0.0,1.0,0.0,0.0,0.0,0.0,0.0,0.0,0.0,0.0,0.0,0.0,2022,1
740,Segovia,2.0,0.0,0.0,0.0,0.0,0.0,0.0,0.0,1.0,1.0,0.0,0.0,0.0,0.0,0.0,0.0,0.0,0.0,0.0,0.0,2022,1
742,Soria,2.0,0.0,0.0,0.0,0.0,0.0,0.0,1.0,0.0,0.0,0.0,0.0,0.0,0.0,0.0,0.0,0.0,0.0,0.0,1.0,2022,1
747,Valladolid,6.0,0.0,0.0,0.0,0.0,0.0,0.0,2.0,1.0,2.0,0.0,0.0,0.0,0.0,0.0,0.0,0.0,0.0,0.0,1.0,2022,1
749,Zamora,0.0,0.0,0.0,0.0,0.0,0.0,0.0,0.0,0.0,0.0,0.0,0.0,0.0,0.0,0.0,0.0,0.0,0.0,0.0,0.0,2022,1
802,Albacete,10.0,2.0,0.0,1.0,0.0,0.0,2.0,2.0,0.0,1.0,0.0,0.0,0.0,0.0,1.0,0.0,0.0,0.0,0.0,1.0,2022,1
813,Ciudad Real,5.0,0.0,0.0,1.0,0.0,0.0,2.0,1.0,0.0,0.0,0.0,0.0,0.0,0.0,1.0,0.0,0.0,0.0,0.0,0.0,2022,1
816,Cuenca,6.0,1.0,0.0,0.0,0.0,0.0,3.0,0.0,1.0,0.0,0.0,0.0,1.0,0.0,0.0,0.0,0.0,0.0,0.0,0.0,2022,1
819,Guadalajara,3.0,0.0,0.0,0.0,0.0,0.0,1.0,0.0,0.0,0.0,0.0,0.0,0.0,1.0,0.0,0.0,0.0,1.0,0.0,0.0,2022,1
845,Toledo,13.0,0.0,0.0,4.0,0.0,0.0,3.0,2.0,0.0,2.0,0.0,0.0,0.0,0.0,1.0,0.0,1.0,0.0,0.0,0.0,2022,1
908,Barcelona,275.0,0.0,0.0,27.0,0.0,2.0,41.0,61.0,20.0,28.0,15.0,4.0,9.0,33.0,14.0,0.0,2.0,4.0,6.0,9.0,2022,1
917,Girona,25.0,1.0,0.0,1.0,0.0,0.0,5.0,9.0,2.0,3.0,1.0,0.0,0.0,2.0,0.0,0.0,0.0,1.0,0.0,0.0,2022,1
925,Lleida,15.0,2.0,0.0,2.0,0.0,0.0,2.0,4.0,2.0,0.0,0.0,1.0,1.0,0.0,1.0,0.0,0.0,0.0,0.0,0.0,2022,1
943,Tarragona,5.0,0.0,0.0,1.0,0.0,0.0,1.0,0.0,0.0,0.0,0.0,0.0,1.0,0.0,1.0,0.0,0.0,0.0,0.0,1.0,2022,1
734,Valencia,120.0,2.0,0.0,15.0,1.0,0.0,18.0,30.0,7.0,10.0,8.0,0.0,4.0,10.0,5.0,0.0,2.0,3.0,0.0,5.0,2022,1
1106,Badajoz,4.0,0.0,0.0,0.0,0.0,0.0,1.0,2.0,0.0,0.0,0.0,0.0,0.0,0.0,0.0,0.0,0.0,1.0,0.0,0.0,2022,1
1110,Cáceres,3.0,0.0,0.0,1.0,0.0,0.0,0.0,0.0,0.0,1.0,0.0,0.0,0.0,1.0,0.0,0.0,0.0,0.0,0.0,0.0,2022,1
1227,Lugo,11.0,0.0,0.0,2.0,0.0,0.0,2.0,4.0,1.0,1.0,0.0,0.0,0.0,0.0,0.0,0.0,1.0,0.0,0.0,0.0,2022,1
1232,Ourense,6.0,0.0,0.0,0.0,0.0,0.0,1.0,2.0,2.0,1.0,0.0,0.0,0.0,0.0,0.0,0.0,0.0,0.0,0.0,0.0,2022,1
1236,Pontevedra,16.0,0.0,0.0,4.0,1.0,0.0,2.0,4.0,0.0,1.0,0.0,0.0,0.0,1.0,1.0,0.0,1.0,0.0,0.0,1.0,2022,1
1328,Madrid,325.0,1.0,0.0,25.0,3.0,1.0,44.0,69.0,12.0,40.0,20.0,6.0,20.0,36.0,14.0,0.0,9.0,5.0,8.0,12.0,2022,1
1430,Murcia,38.0,2.0,0.0,4.0,0.0,0.0,6.0,14.0,1.0,2.0,0.0,0.0,1.0,5.0,1.0,0.0,0.0,1.0,0.0,1.0,2022,1
1531,Navarra,7.0,0.0,0.0,1.0,0.0,0.0,1.0,1.0,0.0,3.0,0.0,0.0,1.0,0.0,0.0,0.0,0.0,0.0,0.0,0.0,2022,1
1601,Araba/Álava,11.0,0.0,0.0,4.0,0.0,0.0,3.0,2.0,0.0,1.0,1.0,0.0,0.0,0.0,0.0,0.0,0.0,0.0,0.0,0.0,2022,1
1648,Bizkaia,41.0,0.0,0.0,7.0,0.0,1.0,6.0,8.0,1.0,3.0,2.0,1.0,1.0,5.0,4.0,0.0,1.0,0.0,1.0,0.0,2022,1
1620,Gipuzkoa,14.0,0.0,0.0,2.0,0.0,0.0,3.0,3.0,2.0,1.0,0.0,0.0,0.0,2.0,1.0,0.0,0.0,0.0,0.0,0.0,2022,1
1851,Ceuta,0.0,0.0,0.0,0.0,0.0,0.0,0.0,0.0,0.0,0.0,0.0,0.0,0.0,0.0,0.0,0.0,0.0,0.0,0.0,0.0,2022,1
1952,Melilla,1.0,0.0,0.0,0.0,0.0,0.0,1.0,0.0,0.0,0.0,0.0,0.0,0.0,0.0,0.0,0.0,0.0,0.0,0.0,0.0,2022,1
104,Almería,14.0,3.0,0.0,1.0,0.0,0.0,2.0,3.0,0.0,1.0,0.0,0.0,1.0,1.0,0.0,0.0,1.0,1.0,0.0,0.0,2022,2
111,Cádiz,5.0,0.0,0.0,1.0,0.0,0.0,0.0,2.0,0.0,0.0,0.0,1.0,0.0,0.0,0.0,0.0,0.0,0.0,1.0,0.0,2022,2
114,Córdoba,8.0,0.0,0.0,1.0,0.0,0.0,2.0,3.0,0.0,0.0,0.0,0.0,0.0,0.0,0.0,0.0,0.0,0.0,1.0,1.0,2022,2
118,Granada,19.0,1.0,0.0,3.0,0.0,0.0,4.0,3.0,1.0,1.0,0.0,1.0,0.0,2.0,2.0,0.0,1.0,0.0,0.0,0.0,2022,2
121,Huelva,8.0,0.0,0.0,2.0,0.0,1.0,0.0,3.0,1.0,0.0,1.0,0.0,0.0,0.0,0.0,0.0,0.0,0.0,0.0,0.0,2022,2
123,Jaén,4.0,0.0,0.0,1.0,0.0,0.0,0.0,0.0,0.0,0.0,0.0,0.0,1.0,1.0,1.0,0.0,0.0,0.0,0.0,0.0,2022,2
129,Málaga,23.0,0.0,0.0,3.0,0.0,0.0,3.0,6.0,3.0,2.0,1.0,0.0,1.0,0.0,4.0,0.0,0.0,0.0,0.0,0.0,2022,2
141,Sevilla,23.0,0.0,0.0,1.0,0.0,0.0,4.0,6.0,1.0,2.0,1.0,0.0,0.0,4.0,0.0,0.0,0.0,1.0,1.0,2.0,2022,2
943,Aragón,36.0,1.0,0.0,6.0,0.0,0.0,6.0,8.0,2.0,6.0,1.0,0.0,1.0,1.0,3.0,0.0,0.0,0.0,0.0,1.0,2022,2
222,Huesca,4.0,1.0,0.0,0.0,0.0,0.0,1.0,1.0,0.0,0.0,0.0,0.0,1.0,0.0,0.0,0.0,0.0,0.0,0.0,0.0,2022,2
244,Teruel,4.0,0.0,0.0,1.0,0.0,0.0,1.0,1.0,0.0,1.0,0.0,0.0,0.0,0.0,0.0,0.0,0.0,0.0,0.0,0.0,2022,2
250,Zaragoza,28.0,0.0,0.0,5.0,0.0,0.0,4.0,6.0,2.0,5.0,1.0,0.0,0.0,1.0,3.0,0.0,0.0,0.0,0.0,1.0,2022,2
333,Asturias,24.0,1.0,0.0,2.0,0.0,0.0,2.0,5.0,1.0,1.0,2.0,0.0,0.0,3.0,3.0,0.0,0.0,1.0,1.0,2.0,2022,2
407,"Balears, Illes",23.0,0.0,0.0,0.0,0.0,0.0,6.0,3.0,1.0,3.0,3.0,1.0,0.0,1.0,2.0,0.0,0.0,0.0,2.0,1.0,2022,2
639,Canarias,37.0,0.0,0.0,0.0,0.0,0.0,9.0,11.0,1.0,5.0,3.0,0.0,1.0,1.0,1.0,0.0,0.0,1.0,3.0,1.0,2022,2
538,Santa Cruz de Tenerife,15.0,0.0,0.0,0.0,0.0,0.0,4.0,5.0,0.0,0.0,3.0,0.0,1.0,0.0,0.0,0.0,0.0,1.0,0.0,1.0,2022,2
639,Cantabria,8.0,0.0,0.0,2.0,0.0,0.0,3.0,1.0,1.0,1.0,0.0,0.0,0.0,0.0,0.0,0.0,0.0,0.0,0.0,0.0,2022,2
705,Ávila,1.0,0.0,0.0,0.0,0.0,0.0,0.0,1.0,0.0,0.0,0.0,0.0,0.0,0.0,0.0,0.0,0.0,0.0,0.0,0.0,2022,2
709,Burgos,4.0,0.0,0.0,1.0,0.0,0.0,1.0,1.0,0.0,0.0,0.0,0.0,0.0,0.0,0.0,0.0,0.0,0.0,0.0,1.0,2022,2
724,León,5.0,0.0,0.0,1.0,0.0,0.0,0.0,1.0,1.0,1.0,0.0,0.0,0.0,1.0,0.0,0.0,0.0,0.0,0.0,0.0,2022,2
734,Palencia,1.0,0.0,0.0,0.0,0.0,0.0,1.0,0.0,0.0,0.0,0.0,0.0,0.0,0.0,0.0,0.0,0.0,0.0,0.0,0.0,2022,2
737,Salamanca,3.0,0.0,0.0,0.0,0.0,0.0,1.0,1.0,0.0,0.0,0.0,0.0,0.0,1.0,0.0,0.0,0.0,0.0,0.0,0.0,2022,2
740,Segovia,1.0,0.0,0.0,0.0,0.0,0.0,0.0,0.0,0.0,0.0,0.0,0.0,0.0,1.0,0.0,0.0,0.0,0.0,0.0,0.0,2022,2
742,Soria,3.0,0.0,0.0,0.0,0.0,0.0,1.0,0.0,0.0,2.0,0.0,0.0,0.0,0.0,0.0,0.0,0.0,0.0,0.0,0.0,2022,2
747,Valladolid,5.0,0.0,0.0,0.0,0.0,0.0,3.0,1.0,0.0,1.0,0.0,0.0,0.0,0.0,0.0,0.0,0.0,0.0,0.0,0.0,2022,2
749,Zamora,2.0,0.0,0.0,1.0,0.0,0.0,1.0,0.0,0.0,0.0,0.0,0.0,0.0,0.0,0.0,0.0,0.0,0.0,0.0,0.0,2022,2
802,Albacete,7.0,0.0,0.0,2.0,0.0,0.0,2.0,2.0,0.0,1.0,0.0,0.0,0.0,0.0,0.0,0.0,0.0,0.0,0.0,0.0,2022,2
813,Ciudad Real,9.0,0.0,0.0,2.0,0.0,0.0,0.0,3.0,1.0,2.0,0.0,0.0,0.0,0.0,1.0,0.0,0.0,0.0,0.0,0.0,2022,2
816,Cuenca,1.0,0.0,0.0,0.0,0.0,0.0,0.0,0.0,0.0,0.0,0.0,0.0,0.0,0.0,0.0,0.0,0.0,1.0,0.0,0.0,2022,2
819,Guadalajara,2.0,0.0,0.0,0.0,0.0,0.0,0.0,1.0,1.0,0.0,0.0,0.0,0.0,0.0,0.0,0.0,0.0,0.0,0.0,0.0,2022,2
845,Toledo,10.0,0.0,0.0,4.0,0.0,0.0,0.0,4.0,1.0,0.0,1.0,0.0,0.0,0.0,0.0,0.0,0.0,0.0,0.0,0.0,2022,2
908,Barcelona,286.0,0.0,0.0,32.0,0.0,0.0,55.0,62.0,17.0,32.0,22.0,3.0,10.0,18.0,14.0,0.0,6.0,4.0,6.0,5.0,2022,2
917,Girona,11.0,0.0,0.0,2.0,0.0,0.0,3.0,2.0,2.0,1.0,0.0,0.0,0.0,1.0,0.0,0.0,0.0,0.0,0.0,0.0,2022,2
925,Lleida,8.0,0.0,0.0,0.0,0.0,0.0,1.0,1.0,2.0,2.0,0.0,0.0,0.0,1.0,0.0,0.0,1.0,0.0,0.0,0.0,2022,2
943,Tarragona,19.0,0.0,0.0,5.0,0.0,0.0,4.0,3.0,0.0,3.0,0.0,1.0,0.0,0.0,3.0,0.0,0.0,0.0,0.0,0.0,2022,2
734,Valencia,159.0,2.0,0.0,19.0,0.0,2.0,27.0,38.0,13.0,19.0,7.0,0.0,8.0,9.0,7.0,0.0,1.0,2.0,3.0,2.0,2022,2
1106,Badajoz,4.0,0.0,0.0,0.0,0.0,0.0,1.0,2.0,0.0,0.0,0.0,0.0,0.0,1.0,0.0,0.0,0.0,0.0,0.0,0.0,2022,2
1110,Cáceres,4.0,0.0,0.0,0.0,0.0,0.0,0.0,2.0,0.0,0.0,0.0,0.0,0.0,0.0,0.0,0.0,1.0,0.0,0.0,1.0,2022,2
1227,Lugo,14.0,0.0,0.0,0.0,0.0,0.0,3.0,5.0,0.0,1.0,1.0,0.0,0.0,0.0,1.0,0.0,1.0,0.0,1.0,1.0,2022,2
1232,Ourense,6.0,0.0,0.0,2.0,0.0,0.0,0.0,3.0,0.0,1.0,0.0,0.0,0.0,0.0,0.0,0.0,0.0,0.0,0.0,0.0,2022,2
1236,Pontevedra,11.0,0.0,0.0,4.0,0.0,0.0,2.0,5.0,0.0,0.0,0.0,0.0,0.0,0.0,0.0,0.0,0.0,0.0,0.0,0.0,2022,2
1328,Madrid,259.0,1.0,0.0,16.0,1.0,0.0,42.0,44.0,9.0,45.0,13.0,7.0,12.0,22.0,19.0,0.0,7.0,5.0,6.0,10.0,2022,2
1430,Murcia,28.0,0.0,0.0,4.0,0.0,0.0,4.0,11.0,1.0,1.0,1.0,0.0,1.0,2.0,2.0,0.0,0.0,1.0,0.0,0.0,2022,2
1531,Navarra,10.0,0.0,0.0,3.0,0.0,0.0,2.0,3.0,0.0,1.0,0.0,0.0,0.0,1.0,0.0,0.0,0.0,0.0,0.0,0.0,2022,2
1601,Araba/Álava,1.0,0.0,0.0,0.0,0.0,0.0,0.0,0.0,0.0,0.0,0.0,0.0,0.0,1.0,0.0,0.0,0.0,0.0,0.0,0.0,2022,2
1648,Bizkaia,42.0,0.0,0.0,5.0,0.0,0.0,7.0,12.0,4.0,4.0,0.0,1.0,1.0,5.0,0.0,0.0,1.0,1.0,1.0,0.0,2022,2
1620,Gipuzkoa,21.0,0.0,0.0,4.0,0.0,0.0,5.0,3.0,2.0,4.0,1.0,1.0,0.0,1.0,0.0,0.0,0.0,0.0,0.0,0.0,2022,2
1851,Ceuta,2.0,0.0,0.0,0.0,0.0,0.0,0.0,0.0,0.0,0.0,0.0,0.0,0.0,0.0,0.0,0.0,0.0,2.0,0.0,0.0,2022,2
1952,Melilla,1.0,0.0,0.0,0.0,0.0,0.0,0.0,1.0,0.0,0.0,0.0,0.0,0.0,0.0,0.0,0.0,0.0,0.0,0.0,0.0,2022,2
104,Almería,20.0,1.0,0.0,3.0,0.0,0.0,4.0,3.0,2.0,3.0,1.0,1.0,1.0,0.0,1.0,0.0,0.0,0.0,0.0,0.0,2022,3
111,Cádiz,17.0,0.0,0.0,2.0,0.0,0.0,3.0,7.0,0.0,4.0,0.0,0.0,0.0,0.0,1.0,0.0,0.0,0.0,0.0,0.0,2022,3
114,Córdoba,25.0,2.0,0.0,3.0,0.0,0.0,3.0,10.0,0.0,1.0,0.0,0.0,0.0,1.0,2.0,0.0,2.0,0.0,0.0,1.0,2022,3
118,Granada,21.0,1.0,0.0,5.0,0.0,0.0,2.0,4.0,3.0,3.0,0.0,0.0,0.0,1.0,2.0,0.0,0.0,0.0,0.0,0.0,2022,3
121,Huelva,13.0,2.0,0.0,1.0,0.0,0.0,2.0,3.0,1.0,1.0,1.0,1.0,0.0,1.0,0.0,0.0,0.0,0.0,0.0,0.0,2022,3
123,Jaén,9.0,2.0,0.0,0.0,0.0,0.0,1.0,1.0,3.0,1.0,0.0,0.0,0.0,0.0,1.0,0.0,0.0,0.0,0.0,0.0,2022,3
129,Málaga,37.0,0.0,0.0,3.0,0.0,0.0,10.0,7.0,1.0,4.0,2.0,0.0,1.0,4.0,2.0,0.0,0.0,0.0,2.0,1.0,2022,3
141,Sevilla,52.0,1.0,0.0,5.0,0.0,0.0,7.0,12.0,7.0,6.0,2.0,0.0,1.0,6.0,2.0,0.0,0.0,1.0,2.0,0.0,2022,3
943,Aragón,52.0,1.0,0.0,3.0,0.0,0.0,12.0,10.0,2.0,3.0,2.0,0.0,4.0,4.0,2.0,0.0,2.0,2.0,2.0,3.0,2022,3
222,Huesca,5.0,1.0,0.0,1.0,0.0,0.0,1.0,1.0,0.0,0.0,0.0,0.0,0.0,0.0,1.0,0.0,0.0,0.0,0.0,0.0,2022,3
244,Teruel,1.0,0.0,0.0,0.0,0.0,0.0,1.0,0.0,0.0,0.0,0.0,0.0,0.0,0.0,0.0,0.0,0.0,0.0,0.0,0.0,2022,3
250,Zaragoza,46.0,0.0,0.0,2.0,0.0,0.0,10.0,9.0,2.0,3.0,2.0,0.0,4.0,4.0,1.0,0.0,2.0,2.0,2.0,3.0,2022,3
333,Asturias,29.0,0.0,0.0,5.0,0.0,0.0,7.0,6.0,4.0,1.0,0.0,0.0,0.0,4.0,1.0,0.0,0.0,0.0,0.0,1.0,2022,3
407,"Balears, Illes",26.0,0.0,0.0,2.0,0.0,1.0,9.0,4.0,1.0,5.0,0.0,0.0,3.0,0.0,1.0,0.0,0.0,0.0,0.0,0.0,2022,3
639,Canarias,28.0,0.0,0.0,3.0,0.0,0.0,5.0,4.0,2.0,3.0,3.0,0.0,0.0,5.0,1.0,0.0,0.0,1.0,1.0,0.0,2022,3
538,Santa Cruz de Tenerife,13.0,0.0,0.0,1.0,0.0,0.0,1.0,1.0,1.0,1.0,2.0,0.0,0.0,3.0,1.0,0.0,0.0,1.0,1.0,0.0,2022,3
639,Cantabria,11.0,0.0,0.0,1.0,0.0,0.0,2.0,2.0,0.0,3.0,1.0,0.0,1.0,0.0,1.0,0.0,0.0,0.0,0.0,0.0,2022,3
705,Ávila,0.0,0.0,0.0,0.0,0.0,0.0,0.0,0.0,0.0,0.0,0.0,0.0,0.0,0.0,0.0,0.0,0.0,0.0,0.0,0.0,2022,3
709,Burgos,4.0,0.0,0.0,0.0,0.0,0.0,1.0,2.0,0.0,0.0,0.0,0.0,0.0,0.0,0.0,0.0,0.0,1.0,0.0,0.0,2022,3
724,León,6.0,0.0,0.0,2.0,0.0,0.0,0.0,2.0,0.0,0.0,0.0,1.0,0.0,1.0,0.0,0.0,0.0,0.0,0.0,0.0,2022,3
734,Palencia,4.0,0.0,0.0,1.0,0.0,0.0,0.0,1.0,0.0,0.0,0.0,0.0,0.0,1.0,0.0,0.0,0.0,0.0,0.0,1.0,2022,3
737,Salamanca,5.0,0.0,0.0,1.0,0.0,0.0,2.0,0.0,0.0,2.0,0.0,0.0,0.0,0.0,0.0,0.0,0.0,0.0,0.0,0.0,2022,3
740,Segovia,7.0,0.0,0.0,0.0,0.0,1.0,2.0,0.0,1.0,3.0,0.0,0.0,0.0,0.0,0.0,0.0,0.0,0.0,0.0,0.0,2022,3
742,Soria,1.0,0.0,0.0,0.0,0.0,0.0,0.0,0.0,1.0,0.0,0.0,0.0,0.0,0.0,0.0,0.0,0.0,0.0,0.0,0.0,2022,3
747,Valladolid,15.0,0.0,0.0,4.0,0.0,0.0,4.0,1.0,1.0,3.0,0.0,0.0,0.0,1.0,0.0,0.0,0.0,0.0,0.0,1.0,2022,3
749,Zamora,0.0,0.0,0.0,0.0,0.0,0.0,0.0,0.0,0.0,0.0,0.0,0.0,0.0,0.0,0.0,0.0,0.0,0.0,0.0,0.0,2022,3
802,Albacete,16.0,1.0,0.0,2.0,0.0,0.0,6.0,3.0,0.0,0.0,0.0,0.0,1.0,1.0,1.0,0.0,0.0,0.0,0.0,1.0,2022,3
813,Ciudad Real,3.0,1.0,0.0,0.0,0.0,0.0,1.0,1.0,0.0,0.0,0.0,0.0,0.0,0.0,0.0,0.0,0.0,0.0,0.0,0.0,2022,3
816,Cuenca,7.0,0.0,0.0,0.0,0.0,0.0,1.0,1.0,2.0,2.0,0.0,0.0,0.0,0.0,0.0,0.0,0.0,1.0,0.0,0.0,2022,3
819,Guadalajara,4.0,0.0,0.0,0.0,0.0,0.0,1.0,2.0,0.0,1.0,0.0,0.0,0.0,0.0,0.0,0.0,0.0,0.0,0.0,0.0,2022,3
845,Toledo,17.0,0.0,0.0,5.0,0.0,0.0,4.0,3.0,2.0,3.0,0.0,0.0,0.0,0.0,0.0,0.0,0.0,0.0,0.0,0.0,2022,3
908,Barcelona,368.0,0.0,0.0,56.0,0.0,0.0,54.0,97.0,11.0,31.0,24.0,4.0,18.0,32.0,11.0,0.0,7.0,4.0,6.0,13.0,2022,3
917,Girona,38.0,0.0,0.0,9.0,1.0,0.0,5.0,7.0,1.0,11.0,1.0,0.0,0.0,0.0,0.0,0.0,1.0,0.0,2.0,0.0,2022,3
925,Lleida,31.0,2.0,0.0,3.0,0.0,0.0,8.0,4.0,2.0,2.0,3.0,0.0,2.0,1.0,0.0,0.0,0.0,0.0,1.0,3.0,2022,3
943,Tarragona,15.0,0.0,0.0,2.0,1.0,0.0,3.0,3.0,1.0,1.0,0.0,0.0,1.0,0.0,3.0,0.0,0.0,0.0,0.0,0.0,2022,3
734,Valencia,165.0,4.0,0.0,28.0,1.0,0.0,20.0,49.0,12.0,16.0,4.0,1.0,7.0,8.0,6.0,0.0,3.0,2.0,2.0,2.0,2022,3
1106,Badajoz,13.0,0.0,0.0,3.0,0.0,1.0,5.0,1.0,0.0,0.0,0.0,0.0,1.0,0.0,0.0,0.0,0.0,0.0,2.0,0.0,2022,3
1110,Cáceres,12.0,1.0,0.0,1.0,0.0,0.0,1.0,2.0,1.0,2.0,0.0,0.0,2.0,1.0,1.0,0.0,0.0,0.0,0.0,0.0,2022,3
1227,Lugo,21.0,1.0,0.0,6.0,2.0,0.0,0.0,8.0,0.0,1.0,0.0,0.0,0.0,0.0,1.0,0.0,0.0,2.0,0.0,0.0,2022,3
1232,Ourense,0.0,0.0,0.0,0.0,0.0,0.0,0.0,0.0,0.0,0.0,0.0,0.0,0.0,0.0,0.0,0.0,0.0,0.0,0.0,0.0,2022,3
1236,Pontevedra,17.0,0.0,0.0,2.0,0.0,0.0,5.0,7.0,0.0,2.0,0.0,0.0,0.0,1.0,0.0,0.0,0.0,0.0,0.0,0.0,2022,3
1328,Madrid,455.0,1.0,0.0,39.0,2.0,1.0,44.0,113.0,8.0,60.0,23.0,5.0,8.0,57.0,27.0,0.0,33.0,7.0,18.0,9.0,2022,3
1430,Murcia,51.0,3.0,2.0,9.0,0.0,1.0,4.0,15.0,5.0,4.0,1.0,1.0,2.0,2.0,2.0,0.0,0.0,0.0,0.0,0.0,2022,3
1531,Navarra,10.0,0.0,0.0,1.0,0.0,0.0,3.0,0.0,1.0,2.0,0.0,1.0,1.0,1.0,0.0,0.0,0.0,0.0,0.0,0.0,2022,3
1601,Araba/Álava,17.0,0.0,0.0,4.0,0.0,0.0,6.0,4.0,0.0,1.0,0.0,0.0,0.0,0.0,2.0,0.0,0.0,0.0,0.0,0.0,2022,3
1648,Bizkaia,55.0,1.0,0.0,9.0,0.0,0.0,6.0,11.0,0.0,6.0,6.0,1.0,0.0,5.0,4.0,0.0,3.0,1.0,0.0,2.0,2022,3
1620,Gipuzkoa,28.0,0.0,0.0,11.0,0.0,0.0,4.0,3.0,2.0,2.0,0.0,0.0,2.0,0.0,0.0,0.0,2.0,1.0,1.0,0.0,2022,3
1851,Ceuta,0.0,0.0,0.0,0.0,0.0,0.0,0.0,0.0,0.0,0.0,0.0,0.0,0.0,0.0,0.0,0.0,0.0,0.0,0.0,0.0,2022,3
1952,Melilla,0.0,0.0,0.0,0.0,0.0,0.0,0.0,0.0,0.0,0.0,0.0,0.0,0.0,0.0,0.0,0.0,0.0,0.0,0.0,0.0,2022,3
104,Almería,22.0,1.0,0.0,2.0,0.0,1.0,3.0,4.0,4.0,5.0,0.0,0.0,0.0,0.0,0.0,0.0,0.0,0.0,0.0,2.0,2022,4
111,Cádiz,29.0,0.0,0.0,3.0,2.0,0.0,8.0,5.0,3.0,0.0,0.0,0.0,1.0,0.0,4.0,0.0,0.0,0.0,2.0,1.0,2022,4
114,Córdoba,11.0,0.0,0.0,3.0,0.0,0.0,2.0,2.0,1.0,1.0,1.0,0.0,0.0,0.0,0.0,0.0,1.0,0.0,0.0,0.0,2022,4
118,Granada,16.0,1.0,0.0,3.0,0.0,0.0,1.0,4.0,1.0,2.0,0.0,0.0,0.0,1.0,1.0,0.0,0.0,0.0,1.0,1.0,2022,4
121,Huelva,9.0,2.0,0.0,1.0,0.0,0.0,1.0,2.0,0.0,0.0,0.0,0.0,0.0,0.0,2.0,0.0,0.0,0.0,1.0,0.0,2022,4
123,Jaén,6.0,0.0,0.0,0.0,0.0,0.0,1.0,1.0,2.0,1.0,0.0,0.0,0.0,1.0,0.0,0.0,0.0,0.0,0.0,0.0,2022,4
129,Málaga,32.0,0.0,0.0,2.0,1.0,0.0,1.0,7.0,2.0,6.0,1.0,0.0,3.0,1.0,3.0,0.0,4.0,0.0,0.0,1.0,2022,4
141,Sevilla,65.0,0.0,1.0,6.0,0.0,0.0,13.0,5.0,0.0,1.0,2.0,13.0,1.0,16.0,2.0,0.0,1.0,2.0,2.0,0.0,2022,4
943,Aragón,34.0,0.0,0.0,7.0,0.0,0.0,8.0,8.0,0.0,3.0,1.0,0.0,0.0,2.0,1.0,0.0,0.0,1.0,2.0,1.0,2022,4
222,Huesca,2.0,0.0,0.0,1.0,0.0,0.0,0.0,0.0,0.0,1.0,0.0,0.0,0.0,0.0,0.0,0.0,0.0,0.0,0.0,0.0,2022,4
244,Teruel,1.0,0.0,0.0,1.0,0.0,0.0,0.0,0.0,0.0,0.0,0.0,0.0,0.0,0.0,0.0,0.0,0.0,0.0,0.0,0.0,2022,4
250,Zaragoza,31.0,0.0,0.0,5.0,0.0,0.0,8.0,8.0,0.0,2.0,1.0,0.0,0.0,2.0,1.0,0.0,0.0,1.0,2.0,1.0,2022,4
333,Asturias,23.0,0.0,0.0,2.0,0.0,0.0,6.0,6.0,1.0,4.0,0.0,0.0,1.0,2.0,0.0,0.0,1.0,0.0,0.0,0.0,2022,4
407,"Balears, Illes",24.0,1.0,0.0,2.0,0.0,0.0,8.0,4.0,0.0,6.0,1.0,0.0,0.0,0.0,1.0,0.0,0.0,0.0,0.0,1.0,2022,4
639,Canarias,31.0,0.0,0.0,1.0,0.0,0.0,7.0,6.0,2.0,6.0,0.0,0.0,1.0,1.0,3.0,0.0,1.0,1.0,2.0,0.0,2022,4
538,Santa Cruz de Tenerife,15.0,0.0,0.0,1.0,0.0,0.0,3.0,2.0,0.0,4.0,0.0,0.0,1.0,1.0,2.0,0.0,0.0,1.0,0.0,0.0,2022,4
639,Cantabria,8.0,0.0,0.0,0.0,0.0,0.0,2.0,3.0,1.0,0.0,0.0,0.0,0.0,1.0,0.0,0.0,1.0,0.0,0.0,0.0,2022,4
705,Ávila,2.0,0.0,0.0,0.0,0.0,0.0,0.0,1.0,1.0,0.0,0.0,0.0,0.0,0.0,0.0,0.0,0.0,0.0,0.0,0.0,2022,4
709,Burgos,14.0,1.0,0.0,3.0,0.0,0.0,2.0,6.0,1.0,0.0,0.0,0.0,0.0,0.0,0.0,0.0,0.0,1.0,0.0,0.0,2022,4
724,León,5.0,0.0,0.0,1.0,0.0,0.0,0.0,3.0,1.0,0.0,0.0,0.0,0.0,0.0,0.0,0.0,0.0,0.0,0.0,0.0,2022,4
734,Palencia,2.0,0.0,0.0,1.0,0.0,0.0,0.0,1.0,0.0,0.0,0.0,0.0,0.0,0.0,0.0,0.0,0.0,0.0,0.0,0.0,2022,4
737,Salamanca,9.0,0.0,0.0,0.0,0.0,0.0,1.0,4.0,0.0,1.0,1.0,0.0,1.0,1.0,0.0,0.0,0.0,0.0,0.0,0.0,2022,4
740,Segovia,3.0,1.0,0.0,1.0,0.0,0.0,0.0,0.0,0.0,0.0,0.0,0.0,1.0,0.0,0.0,0.0,0.0,0.0,0.0,0.0,2022,4
742,Soria,2.0,0.0,0.0,0.0,0.0,0.0,0.0,0.0,0.0,1.0,0.0,0.0,0.0,0.0,0.0,0.0,0.0,0.0,0.0,1.0,2022,4
747,Valladolid,10.0,0.0,0.0,1.0,0.0,0.0,1.0,2.0,0.0,2.0,0.0,1.0,0.0,3.0,0.0,0.0,0.0,0.0,0.0,0.0,2022,4
749,Zamora,2.0,0.0,0.0,0.0,0.0,0.0,2.0,0.0,0.0,0.0,0.0,0.0,0.0,0.0,0.0,0.0,0.0,0.0,0.0,0.0,2022,4
802,Albacete,14.0,1.0,0.0,4.0,0.0,0.0,2.0,3.0,1.0,0.0,1.0,1.0,0.0,0.0,0.0,0.0,0.0,0.0,0.0,1.0,2022,4
813,Ciudad Real,0.0,0.0,0.0,0.0,0.0,0.0,0.0,0.0,0.0,0.0,0.0,0.0,0.0,0.0,0.0,0.0,0.0,0.0,0.0,0.0,2022,4
816,Cuenca,2.0,0.0,0.0,0.0,0.0,2.0,0.0,0.0,0.0,0.0,0.0,0.0,0.0,0.0,0.0,0.0,0.0,0.0,0.0,0.0,2022,4
819,Guadalajara,8.0,1.0,0.0,2.0,0.0,0.0,0.0,1.0,2.0,0.0,0.0,0.0,0.0,1.0,0.0,0.0,0.0,1.0,0.0,0.0,2022,4
845,Toledo,18.0,0.0,0.0,1.0,0.0,0.0,7.0,4.0,1.0,3.0,0.0,0.0,0.0,1.0,0.0,0.0,0.0,1.0,0.0,0.0,2022,4
908,Barcelona,261.0,0.0,0.0,33.0,1.0,0.0,32.0,56.0,17.0,24.0,15.0,5.0,17.0,19.0,16.0,0.0,7.0,5.0,6.0,8.0,2022,4
917,Girona,16.0,1.0,0.0,2.0,0.0,0.0,2.0,1.0,0.0,4.0,0.0,1.0,2.0,0.0,1.0,0.0,0.0,1.0,0.0,1.0,2022,4
925,Lleida,22.0,0.0,0.0,2.0,0.0,0.0,9.0,4.0,0.0,4.0,0.0,0.0,2.0,0.0,0.0,0.0,1.0,0.0,0.0,0.0,2022,4
943,Tarragona,7.0,0.0,0.0,1.0,0.0,0.0,1.0,3.0,0.0,1.0,0.0,0.0,1.0,0.0,0.0,0.0,0.0,0.0,0.0,0.0,2022,4
734,Valencia,144.0,1.0,1.0,22.0,2.0,1.0,29.0,34.0,4.0,17.0,3.0,3.0,6.0,4.0,7.0,0.0,3.0,2.0,3.0,2.0,2022,4
1106,Badajoz,10.0,1.0,0.0,2.0,0.0,0.0,2.0,2.0,1.0,2.0,0.0,0.0,0.0,0.0,0.0,0.0,0.0,0.0,0.0,0.0,2022,4
1110,Cáceres,5.0,0.0,0.0,1.0,0.0,0.0,2.0,1.0,0.0,0.0,1.0,0.0,0.0,0.0,0.0,0.0,0.0,0.0,0.0,0.0,2022,4
1227,Lugo,9.0,1.0,0.0,2.0,0.0,0.0,1.0,1.0,0.0,0.0,1.0,0.0,0.0,2.0,0.0,0.0,0.0,0.0,0.0,1.0,2022,4
1232,Ourense,2.0,0.0,0.0,0.0,0.0,0.0,0.0,1.0,0.0,0.0,0.0,0.0,0.0,0.0,0.0,0.0,0.0,0.0,0.0,1.0,2022,4
1236,Pontevedra,19.0,0.0,0.0,4.0,0.0,0.0,4.0,7.0,1.0,1.0,0.0,0.0,0.0,1.0,0.0,0.0,0.0,0.0,1.0,0.0,2022,4
1328,Madrid,458.0,2.0,1.0,32.0,1.0,0.0,48.0,94.0,19.0,51.0,17.0,3.0,15.0,42.0,33.0,0.0,17.0,13.0,51.0,19.0,2022,4
1430,Murcia,40.0,4.0,0.0,9.0,0.0,2.0,6.0,11.0,4.0,2.0,1.0,0.0,0.0,0.0,0.0,0.0,0.0,0.0,0.0,1.0,2022,4
1531,Navarra,5.0,0.0,0.0,0.0,0.0,0.0,1.0,1.0,0.0,2.0,0.0,0.0,0.0,1.0,0.0,0.0,0.0,0.0,0.0,0.0,2022,4
1601,Araba/Álava,8.0,0.0,0.0,3.0,0.0,0.0,0.0,0.0,0.0,2.0,1.0,0.0,0.0,0.0,0.0,0.0,0.0,0.0,2.0,0.0,2022,4
1648,Bizkaia,37.0,0.0,0.0,6.0,0.0,0.0,5.0,7.0,0.0,2.0,2.0,1.0,2.0,6.0,1.0,0.0,1.0,1.0,2.0,1.0,2022,4
1620,Gipuzkoa,19.0,0.0,0.0,2.0,0.0,0.0,1.0,9.0,1.0,2.0,0.0,0.0,0.0,4.0,0.0,0.0,0.0,0.0,0.0,0.0,2022,4
1851,Ceuta,1.0,0.0,0.0,0.0,0.0,0.0,0.0,1.0,0.0,0.0,0.0,0.0,0.0,0.0,0.0,0.0,0.0,0.0,0.0,0.0,2022,4
1952,Melilla,0.0,0.0,0.0,0.0,0.0,0.0,0.0,0.0,0.0,0.0,0.0,0.0,0.0,0.0,0.0,0.0,0.0,0.0,0.0,0.0,2022,4
104,Almería,9.0,1.0,0.0,0.0,0.0,0.0,2.0,3.0,1.0,0.0,0.0,0.0,1.0,1.0,0.0,0.0,0.0,0.0,0.0,0.0,2023,1
111,Cádiz,7.0,0.0,0.0,1.0,0.0,0.0,1.0,3.0,1.0,1.0,0.0,0.0,0.0,0.0,0.0,0.0,0.0,0.0,0.0,0.0,2023,1
114,Córdoba,11.0,0.0,0.0,4.0,0.0,0.0,0.0,4.0,0.0,1.0,1.0,0.0,1.0,0.0,0.0,0.0,0.0,0.0,0.0,0.0,2023,1
118,Granada,10.0,0.0,0.0,2.0,0.0,0.0,3.0,1.0,2.0,1.0,0.0,0.0,0.0,0.0,0.0,0.0,1.0,0.0,0.0,0.0,2023,1
121,Huelva,4.0,0.0,0.0,0.0,0.0,0.0,2.0,2.0,0.0,0.0,0.0,0.0,0.0,0.0,0.0,0.0,0.0,0.0,0.0,0.0,2023,1
123,Jaén,5.0,0.0,0.0,4.0,0.0,0.0,0.0,0.0,0.0,0.0,0.0,0.0,1.0,0.0,0.0,0.0,0.0,0.0,0.0,0.0,2023,1
129,Málaga,17.0,0.0,0.0,0.0,0.0,1.0,3.0,3.0,2.0,2.0,1.0,0.0,4.0,0.0,1.0,0.0,0.0,0.0,0.0,0.0,2023,1
141,Sevilla,46.0,0.0,0.0,4.0,0.0,0.0,9.0,10.0,3.0,5.0,2.0,0.0,1.0,2.0,7.0,0.0,1.0,1.0,0.0,1.0,2023,1
943,Aragón,45.0,2.0,0.0,10.0,0.0,0.0,12.0,5.0,4.0,4.0,0.0,0.0,1.0,2.0,3.0,0.0,0.0,1.0,1.0,0.0,2023,1
222,Huesca,4.0,2.0,0.0,0.0,0.0,0.0,2.0,0.0,0.0,0.0,0.0,0.0,0.0,0.0,0.0,0.0,0.0,0.0,0.0,0.0,2023,1
244,Teruel,5.0,0.0,0.0,1.0,0.0,0.0,0.0,0.0,0.0,2.0,0.0,0.0,0.0,0.0,2.0,0.0,0.0,0.0,0.0,0.0,2023,1
250,Zaragoza,36.0,0.0,0.0,9.0,0.0,0.0,10.0,5.0,4.0,2.0,0.0,0.0,1.0,2.0,1.0,0.0,0.0,1.0,1.0,0.0,2023,1
333,Asturias,18.0,1.0,0.0,2.0,0.0,0.0,3.0,5.0,2.0,2.0,0.0,0.0,0.0,3.0,0.0,0.0,0.0,0.0,0.0,0.0,2023,1
407,"Balears, Illes",26.0,1.0,0.0,1.0,0.0,0.0,2.0,7.0,0.0,8.0,0.0,0.0,1.0,3.0,0.0,0.0,1.0,0.0,1.0,1.0,2023,1
639,Canarias,25.0,0.0,0.0,1.0,0.0,0.0,4.0,6.0,1.0,4.0,1.0,0.0,0.0,1.0,4.0,0.0,0.0,0.0,1.0,2.0,2023,1
538,Santa Cruz de Tenerife,10.0,0.0,0.0,0.0,0.0,0.0,1.0,1.0,0.0,2.0,1.0,0.0,0.0,1.0,2.0,0.0,0.0,0.0,1.0,1.0,2023,1
639,Cantabria,4.0,0.0,0.0,0.0,0.0,0.0,2.0,1.0,0.0,0.0,0.0,0.0,0.0,1.0,0.0,0.0,0.0,0.0,0.0,0.0,2023,1
705,Ávila,2.0,1.0,0.0,0.0,0.0,0.0,0.0,0.0,0.0,0.0,0.0,0.0,0.0,0.0,0.0,0.0,0.0,0.0,0.0,1.0,2023,1
709,Burgos,9.0,0.0,0.0,1.0,0.0,1.0,2.0,1.0,1.0,1.0,0.0,0.0,0.0,0.0,0.0,0.0,0.0,0.0,1.0,1.0,2023,1
724,León,2.0,0.0,0.0,1.0,0.0,0.0,0.0,0.0,0.0,1.0,0.0,0.0,0.0,0.0,0.0,0.0,0.0,0.0,0.0,0.0,2023,1
734,Palencia,1.0,0.0,0.0,1.0,0.0,0.0,0.0,0.0,0.0,0.0,0.0,0.0,0.0,0.0,0.0,0.0,0.0,0.0,0.0,0.0,2023,1
737,Salamanca,7.0,0.0,0.0,1.0,0.0,0.0,1.0,0.0,0.0,2.0,0.0,0.0,1.0,0.0,0.0,0.0,0.0,1.0,1.0,0.0,2023,1
740,Segovia,2.0,0.0,0.0,1.0,0.0,0.0,0.0,0.0,0.0,0.0,0.0,0.0,0.0,0.0,0.0,0.0,0.0,1.0,0.0,0.0,2023,1
742,Soria,0.0,0.0,0.0,0.0,0.0,0.0,0.0,0.0,0.0,0.0,0.0,0.0,0.0,0.0,0.0,0.0,0.0,0.0,0.0,0.0,2023,1
747,Valladolid,5.0,0.0,0.0,0.0,0.0,0.0,0.0,1.0,0.0,2.0,0.0,0.0,0.0,1.0,1.0,0.0,0.0,0.0,0.0,0.0,2023,1
749,Zamora,3.0,0.0,0.0,0.0,0.0,0.0,0.0,1.0,1.0,0.0,0.0,0.0,1.0,0.0,0.0,0.0,0.0,0.0,0.0,0.0,2023,1
802,Albacete,7.0,0.0,0.0,2.0,0.0,0.0,0.0,1.0,1.0,0.0,1.0,0.0,0.0,0.0,2.0,0.0,0.0,0.0,0.0,0.0,2023,1
813,Ciudad Real,10.0,2.0,0.0,2.0,0.0,0.0,0.0,4.0,1.0,0.0,0.0,0.0,0.0,0.0,0.0,0.0,0.0,0.0,1.0,0.0,2023,1
816,Cuenca,3.0,0.0,0.0,0.0,0.0,0.0,0.0,0.0,1.0,0.0,1.0,0.0,0.0,1.0,0.0,0.0,0.0,0.0,0.0,0.0,2023,1
819,Guadalajara,2.0,0.0,0.0,0.0,0.0,0.0,0.0,1.0,1.0,0.0,0.0,0.0,0.0,0.0,0.0,0.0,0.0,0.0,0.0,0.0,2023,1
845,Toledo,3.0,0.0,0.0,1.0,0.0,0.0,1.0,1.0,0.0,0.0,0.0,0.0,0.0,0.0,0.0,0.0,0.0,0.0,0.0,0.0,2023,1
908,Barcelona,231.0,2.0,0.0,33.0,3.0,0.0,29.0,69.0,8.0,15.0,10.0,5.0,11.0,18.0,9.0,0.0,7.0,4.0,4.0,4.0,2023,1
917,Girona,8.0,0.0,1.0,3.0,0.0,0.0,0.0,1.0,1.0,2.0,0.0,0.0,0.0,0.0,0.0,0.0,0.0,0.0,0.0,0.0,2023,1
925,Lleida,10.0,1.0,0.0,0.0,0.0,0.0,1.0,3.0,2.0,0.0,1.0,1.0,0.0,0.0,0.0,0.0,0.0,0.0,0.0,1.0,2023,1
943,Tarragona,13.0,0.0,0.0,2.0,0.0,0.0,4.0,2.0,0.0,2.0,2.0,0.0,0.0,0.0,0.0,0.0,1.0,0.0,0.0,0.0,2023,1
734,Valencia,105.0,2.0,0.0,14.0,1.0,0.0,14.0,25.0,9.0,9.0,4.0,1.0,7.0,8.0,1.0,0.0,1.0,3.0,3.0,3.0,2023,1
1106,Badajoz,4.0,0.0,0.0,0.0,0.0,0.0,1.0,1.0,0.0,0.0,1.0,0.0,0.0,0.0,0.0,0.0,0.0,1.0,0.0,0.0,2023,1
1110,Cáceres,2.0,0.0,0.0,1.0,0.0,0.0,0.0,0.0,0.0,0.0,0.0,0.0,0.0,1.0,0.0,0.0,0.0,0.0,0.0,0.0,2023,1
1227,Lugo,4.0,0.0,0.0,1.0,0.0,0.0,0.0,3.0,0.0,0.0,0.0,0.0,0.0,0.0,0.0,0.0,0.0,0.0,0.0,0.0,2023,1
1232,Ourense,1.0,0.0,0.0,1.0,0.0,0.0,0.0,0.0,0.0,0.0,0.0,0.0,0.0,0.0,0.0,0.0,0.0,0.0,0.0,0.0,2023,1
1236,Pontevedra,21.0,0.0,0.0,7.0,0.0,0.0,3.0,4.0,3.0,1.0,1.0,1.0,0.0,0.0,0.0,0.0,0.0,0.0,0.0,1.0,2023,1
1328,Madrid,192.0,0.0,0.0,17.0,0.0,1.0,34.0,41.0,5.0,20.0,10.0,6.0,13.0,17.0,5.0,0.0,6.0,3.0,6.0,8.0,2023,1
1430,Murcia,26.0,2.0,1.0,3.0,0.0,0.0,2.0,6.0,2.0,2.0,0.0,0.0,1.0,3.0,2.0,0.0,1.0,0.0,0.0,1.0,2023,1
1531,Navarra,6.0,0.0,0.0,1.0,0.0,0.0,3.0,2.0,0.0,0.0,0.0,0.0,0.0,0.0,0.0,0.0,0.0,0.0,0.0,0.0,2023,1
1601,Araba/Álava,6.0,0.0,0.0,1.0,0.0,0.0,0.0,0.0,1.0,0.0,1.0,0.0,0.0,2.0,0.0,0.0,1.0,0.0,0.0,0.0,2023,1
1648,Bizkaia,25.0,0.0,0.0,6.0,0.0,1.0,3.0,5.0,0.0,1.0,0.0,0.0,0.0,4.0,2.0,0.0,0.0,1.0,0.0,2.0,2023,1
1620,Gipuzkoa,16.0,0.0,0.0,2.0,0.0,0.0,3.0,6.0,2.0,0.0,1.0,0.0,0.0,1.0,0.0,0.0,0.0,1.0,0.0,0.0,2023,1
1851,Ceuta,2.0,0.0,0.0,0.0,0.0,0.0,1.0,1.0,0.0,0.0,0.0,0.0,0.0,0.0,0.0,0.0,0.0,0.0,0.0,0.0,2023,1
1952,Melilla,0.0,0.0,0.0,0.0,0.0,0.0,0.0,0.0,0.0,0.0,0.0,0.0,0.0,0.0,0.0,0.0,0.0,0.0,0.0,0.0,2023,1
104,Almería,19.0,0.0,0.0,0.0,0.0,0.0,4.0,8.0,4.0,2.0,0.0,0.0,1.0,0.0,0.0,0.0,0.0,0.0,0.0,0.0,2023,2
111,Cádiz,4.0,0.0,0.0,1.0,0.0,0.0,1.0,1.0,0.0,1.0,0.0,0.0,0.0,0.0,0.0,0.0,0.0,0.0,0.0,0.0,2023,2
114,Córdoba,8.0,0.0,0.0,1.0,0.0,0.0,1.0,4.0,0.0,0.0,0.0,0.0,0.0,0.0,1.0,0.0,1.0,0.0,0.0,0.0,2023,2
118,Granada,15.0,0.0,0.0,2.0,0.0,0.0,4.0,5.0,0.0,1.0,0.0,0.0,1.0,1.0,0.0,0.0,1.0,0.0,0.0,0.0,2023,2
121,Huelva,3.0,0.0,0.0,0.0,0.0,0.0,0.0,1.0,0.0,1.0,0.0,0.0,0.0,0.0,0.0,0.0,1.0,0.0,0.0,0.0,2023,2
123,Jaén,7.0,0.0,0.0,2.0,0.0,0.0,1.0,4.0,0.0,0.0,0.0,0.0,0.0,0.0,0.0,0.0,0.0,0.0,0.0,0.0,2023,2
129,Málaga,27.0,0.0,0.0,0.0,0.0,0.0,4.0,6.0,1.0,6.0,0.0,1.0,1.0,3.0,4.0,0.0,1.0,0.0,0.0,0.0,2023,2
141,Sevilla,38.0,1.0,0.0,5.0,1.0,0.0,4.0,8.0,2.0,6.0,1.0,0.0,0.0,5.0,2.0,0.0,0.0,0.0,2.0,1.0,2023,2
943,Aragón,40.0,0.0,0.0,8.0,1.0,0.0,2.0,13.0,1.0,8.0,1.0,0.0,1.0,2.0,0.0,0.0,1.0,1.0,1.0,0.0,2023,2
222,Huesca,7.0,0.0,0.0,4.0,0.0,0.0,0.0,0.0,0.0,0.0,1.0,0.0,1.0,0.0,0.0,0.0,1.0,0.0,0.0,0.0,2023,2
244,Teruel,2.0,0.0,0.0,0.0,0.0,0.0,0.0,1.0,0.0,0.0,0.0,0.0,0.0,1.0,0.0,0.0,0.0,0.0,0.0,0.0,2023,2
250,Zaragoza,31.0,0.0,0.0,4.0,1.0,0.0,2.0,12.0,1.0,8.0,0.0,0.0,0.0,1.0,0.0,0.0,0.0,1.0,1.0,0.0,2023,2
333,Asturias,17.0,1.0,0.0,3.0,0.0,0.0,1.0,7.0,1.0,2.0,0.0,0.0,0.0,1.0,1.0,0.0,0.0,0.0,0.0,0.0,2023,2
407,"Balears, Illes",31.0,0.0,0.0,2.0,0.0,1.0,7.0,9.0,0.0,9.0,0.0,0.0,0.0,3.0,0.0,0.0,0.0,0.0,0.0,0.0,2023,2
639,Canarias,33.0,2.0,0.0,3.0,0.0,0.0,4.0,6.0,0.0,6.0,2.0,0.0,2.0,1.0,3.0,0.0,1.0,1.0,0.0,2.0,2023,2
538,Santa Cruz de Tenerife,12.0,2.0,0.0,0.0,0.0,0.0,1.0,0.0,0.0,4.0,0.0,0.0,1.0,1.0,1.0,0.0,0.0,0.0,0.0,2.0,2023,2
639,Cantabria,7.0,0.0,0.0,2.0,0.0,0.0,1.0,1.0,0.0,0.0,0.0,0.0,0.0,0.0,1.0,0.0,1.0,0.0,1.0,0.0,2023,2
705,Ávila,3.0,1.0,0.0,0.0,0.0,0.0,2.0,0.0,0.0,0.0,0.0,0.0,0.0,0.0,0.0,0.0,0.0,0.0,0.0,0.0,2023,2
709,Burgos,5.0,0.0,0.0,1.0,1.0,0.0,1.0,2.0,0.0,0.0,0.0,0.0,0.0,0.0,0.0,0.0,0.0,0.0,0.0,0.0,2023,2
724,León,5.0,1.0,0.0,1.0,0.0,0.0,1.0,2.0,0.0,0.0,0.0,0.0,0.0,0.0,0.0,0.0,0.0,0.0,0.0,0.0,2023,2
734,Palencia,3.0,0.0,0.0,0.0,0.0,0.0,0.0,2.0,1.0,0.0,0.0,0.0,0.0,0.0,0.0,0.0,0.0,0.0,0.0,0.0,2023,2
737,Salamanca,5.0,0.0,0.0,2.0,0.0,0.0,0.0,1.0,0.0,0.0,1.0,0.0,0.0,0.0,1.0,0.0,0.0,0.0,0.0,0.0,2023,2
740,Segovia,6.0,2.0,0.0,2.0,0.0,0.0,0.0,2.0,0.0,0.0,0.0,0.0,0.0,0.0,0.0,0.0,0.0,0.0,0.0,0.0,2023,2
742,Soria,0.0,0.0,0.0,0.0,0.0,0.0,0.0,0.0,0.0,0.0,0.0,0.0,0.0,0.0,0.0,0.0,0.0,0.0,0.0,0.0,2023,2
747,Valladolid,10.0,0.0,0.0,1.0,0.0,0.0,5.0,1.0,1.0,0.0,1.0,0.0,0.0,0.0,0.0,0.0,0.0,0.0,1.0,0.0,2023,2
749,Zamora,0.0,0.0,0.0,0.0,0.0,0.0,0.0,0.0,0.0,0.0,0.0,0.0,0.0,0.0,0.0,0.0,0.0,0.0,0.0,0.0,2023,2
802,Albacete,5.0,0.0,0.0,2.0,1.0,0.0,1.0,0.0,0.0,0.0,0.0,0.0,0.0,1.0,0.0,0.0,0.0,0.0,0.0,0.0,2023,2
813,Ciudad Real,9.0,1.0,0.0,3.0,0.0,0.0,0.0,0.0,1.0,1.0,0.0,0.0,0.0,2.0,1.0,0.0,0.0,0.0,0.0,0.0,2023,2
816,Cuenca,4.0,0.0,0.0,0.0,0.0,0.0,0.0,2.0,0.0,0.0,0.0,0.0,0.0,0.0,0.0,0.0,0.0,1.0,0.0,1.0,2023,2
819,Guadalajara,1.0,0.0,0.0,0.0,0.0,0.0,0.0,0.0,0.0,0.0,0.0,0.0,0.0,0.0,1.0,0.0,0.0,0.0,0.0,0.0,2023,2
845,Toledo,4.0,0.0,0.0,0.0,0.0,0.0,2.0,0.0,0.0,2.0,0.0,0.0,0.0,0.0,0.0,0.0,0.0,0.0,0.0,0.0,2023,2
908,Barcelona,313.0,1.0,0.0,55.0,0.0,2.0,55.0,75.0,15.0,28.0,12.0,1.0,8.0,23.0,12.0,0.0,7.0,7.0,5.0,7.0,2023,2
917,Girona,20.0,0.0,0.0,5.0,0.0,0.0,4.0,4.0,1.0,3.0,0.0,0.0,0.0,0.0,0.0,1.0,0.0,1.0,0.0,1.0,2023,2
925,Lleida,7.0,0.0,0.0,0.0,0.0,0.0,4.0,0.0,0.0,1.0,0.0,0.0,1.0,0.0,0.0,0.0,1.0,0.0,0.0,0.0,2023,2
943,Tarragona,10.0,0.0,0.0,1.0,0.0,0.0,3.0,2.0,0.0,2.0,1.0,1.0,0.0,0.0,0.0,0.0,0.0,0.0,0.0,0.0,2023,2
734,Valencia,136.0,4.0,0.0,17.0,5.0,2.0,22.0,36.0,8.0,15.0,4.0,2.0,7.0,4.0,1.0,0.0,3.0,1.0,2.0,3.0,2023,2
1106,Badajoz,12.0,0.0,0.0,1.0,0.0,0.0,2.0,6.0,2.0,0.0,0.0,0.0,0.0,0.0,1.0,0.0,0.0,0.0,0.0,0.0,2023,2
1110,Cáceres,6.0,0.0,0.0,0.0,0.0,0.0,0.0,2.0,0.0,0.0,0.0,0.0,0.0,1.0,0.0,0.0,1.0,2.0,0.0,0.0,2023,2
1227,Lugo,14.0,0.0,0.0,1.0,0.0,0.0,2.0,3.0,3.0,3.0,0.0,0.0,0.0,0.0,0.0,0.0,2.0,0.0,0.0,0.0,2023,2
1232,Ourense,4.0,0.0,0.0,1.0,0.0,0.0,2.0,0.0,0.0,0.0,0.0,0.0,1.0,0.0,0.0,0.0,0.0,0.0,0.0,0.0,2023,2
1236,Pontevedra,21.0,0.0,0.0,4.0,0.0,0.0,5.0,7.0,0.0,2.0,0.0,0.0,2.0,1.0,0.0,0.0,0.0,0.0,0.0,0.0,2023,2
1328,Madrid,206.0,1.0,0.0,21.0,1.0,0.0,24.0,38.0,4.0,21.0,9.0,8.0,15.0,31.0,11.0,0.0,5.0,4.0,4.0,9.0,2023,2
1430,Murcia,36.0,0.0,0.0,3.0,0.0,0.0,10.0,13.0,2.0,1.0,4.0,2.0,0.0,1.0,0.0,0.0,0.0,0.0,0.0,0.0,2023,2
1531,Navarra,15.0,1.0,0.0,6.0,0.0,0.0,2.0,3.0,0.0,1.0,0.0,0.0,1.0,0.0,0.0,0.0,0.0,1.0,0.0,0.0,2023,2
1601,Araba/Álava,14.0,0.0,0.0,5.0,0.0,0.0,3.0,2.0,1.0,2.0,0.0,0.0,0.0,1.0,0.0,0.0,0.0,0.0,0.0,0.0,2023,2
1648,Bizkaia,48.0,0.0,0.0,9.0,0.0,0.0,7.0,11.0,3.0,5.0,3.0,1.0,0.0,3.0,4.0,0.0,2.0,0.0,0.0,0.0,2023,2
1620,Gipuzkoa,18.0,0.0,0.0,3.0,0.0,0.0,3.0,6.0,2.0,1.0,0.0,0.0,2.0,1.0,0.0,0.0,0.0,0.0,0.0,0.0,2023,2
1851,Ceuta,0.0,0.0,0.0,0.0,0.0,0.0,0.0,0.0,0.0,0.0,0.0,0.0,0.0,0.0,0.0,0.0,0.0,0.0,0.0,0.0,2023,2
1952,Melilla,0.0,0.0,0.0,0.0,0.0,0.0,0.0,0.0,0.0,0.0,0.0,0.0,0.0,0.0,0.0,0.0,0.0,0.0,0.0,0.0,2023,2
104,Almería,3.0,0.0,0.0,0.0,0.0,0.0,0.0,2.0,0.0,1.0,0.0,0.0,0.0,0.0,0.0,0.0,0.0,0.0,0.0,0.0,2023,3
111,Cádiz,14.0,0.0,0.0,1.0,0.0,0.0,4.0,2.0,1.0,0.0,0.0,0.0,1.0,1.0,1.0,0.0,1.0,1.0,0.0,1.0,2023,3
114,Córdoba,6.0,0.0,0.0,3.0,0.0,0.0,2.0,1.0,0.0,0.0,0.0,0.0,0.0,0.0,0.0,0.0,0.0,0.0,0.0,0.0,2023,3
118,Granada,13.0,0.0,0.0,1.0,0.0,0.0,6.0,4.0,0.0,0.0,1.0,0.0,0.0,0.0,0.0,0.0,1.0,0.0,0.0,0.0,2023,3
121,Huelva,3.0,0.0,0.0,1.0,0.0,0.0,1.0,0.0,0.0,1.0,0.0,0.0,0.0,0.0,0.0,0.0,0.0,0.0,0.0,0.0,2023,3
123,Jaén,2.0,0.0,0.0,1.0,0.0,0.0,1.0,0.0,0.0,0.0,0.0,0.0,0.0,0.0,0.0,0.0,0.0,0.0,0.0,0.0,2023,3
129,Málaga,18.0,0.0,0.0,3.0,0.0,0.0,2.0,3.0,0.0,4.0,1.0,0.0,0.0,0.0,2.0,0.0,0.0,0.0,1.0,2.0,2023,3
141,Sevilla,50.0,1.0,0.0,7.0,0.0,0.0,7.0,15.0,2.0,6.0,0.0,0.0,1.0,4.0,3.0,0.0,2.0,1.0,1.0,0.0,2023,3
943,Aragón,35.0,0.0,0.0,7.0,0.0,0.0,4.0,12.0,0.0,3.0,1.0,1.0,0.0,3.0,0.0,0.0,0.0,3.0,1.0,0.0,2023,3
222,Huesca,4.0,0.0,0.0,1.0,0.0,0.0,0.0,2.0,0.0,0.0,0.0,1.0,0.0,0.0,0.0,0.0,0.0,0.0,0.0,0.0,2023,3
244,Teruel,2.0,0.0,0.0,0.0,0.0,0.0,1.0,0.0,0.0,0.0,0.0,0.0,0.0,0.0,0.0,0.0,0.0,0.0,1.0,0.0,2023,3
250,Zaragoza,29.0,0.0,0.0,6.0,0.0,0.0,3.0,10.0,0.0,3.0,1.0,0.0,0.0,3.0,0.0,0.0,0.0,3.0,0.0,0.0,2023,3
333,Asturias,23.0,0.0,0.0,5.0,0.0,0.0,3.0,8.0,1.0,2.0,1.0,0.0,1.0,0.0,0.0,0.0,0.0,0.0,1.0,1.0,2023,3
407,"Balears, Illes",19.0,0.0,0.0,0.0,0.0,0.0,4.0,7.0,1.0,3.0,0.0,0.0,0.0,0.0,1.0,0.0,0.0,0.0,0.0,3.0,2023,3
639,Canarias,30.0,0.0,0.0,4.0,0.0,0.0,7.0,6.0,1.0,6.0,1.0,0.0,3.0,0.0,1.0,1.0,0.0,0.0,0.0,0.0,2023,3
538,Santa Cruz de Tenerife,15.0,0.0,0.0,1.0,0.0,0.0,3.0,2.0,1.0,4.0,1.0,0.0,1.0,0.0,1.0,1.0,0.0,0.0,0.0,0.0,2023,3
639,Cantabria,10.0,0.0,0.0,4.0,0.0,0.0,1.0,1.0,1.0,2.0,0.0,0.0,0.0,1.0,0.0,0.0,0.0,0.0,0.0,0.0,2023,3
705,Ávila,1.0,0.0,0.0,0.0,0.0,0.0,1.0,0.0,0.0,0.0,0.0,0.0,0.0,0.0,0.0,0.0,0.0,0.0,0.0,0.0,2023,3
709,Burgos,4.0,0.0,0.0,1.0,0.0,0.0,0.0,1.0,0.0,0.0,0.0,0.0,0.0,0.0,1.0,0.0,0.0,0.0,0.0,1.0,2023,3
724,León,7.0,0.0,0.0,1.0,0.0,0.0,0.0,3.0,0.0,1.0,0.0,0.0,0.0,1.0,0.0,0.0,0.0,0.0,0.0,1.0,2023,3
734,Palencia,1.0,0.0,0.0,0.0,0.0,0.0,0.0,0.0,0.0,0.0,0.0,0.0,0.0,0.0,0.0,0.0,1.0,0.0,0.0,0.0,2023,3
737,Salamanca,8.0,0.0,0.0,0.0,0.0,0.0,1.0,4.0,2.0,0.0,0.0,0.0,0.0,0.0,0.0,0.0,0.0,0.0,1.0,0.0,2023,3
740,Segovia,4.0,0.0,0.0,1.0,0.0,0.0,1.0,0.0,0.0,1.0,0.0,0.0,0.0,0.0,1.0,0.0,0.0,0.0,0.0,0.0,2023,3
742,Soria,3.0,0.0,0.0,1.0,0.0,0.0,0.0,0.0,0.0,1.0,0.0,0.0,0.0,0.0,0.0,0.0,0.0,0.0,1.0,0.0,2023,3
747,Valladolid,14.0,0.0,0.0,4.0,0.0,0.0,1.0,2.0,0.0,0.0,0.0,0.0,1.0,1.0,1.0,0.0,1.0,0.0,3.0,0.0,2023,3
749,Zamora,1.0,0.0,0.0,0.0,0.0,0.0,0.0,1.0,0.0,0.0,0.0,0.0,0.0,0.0,0.0,0.0,0.0,0.0,0.0,0.0,2023,3
802,Albacete,19.0,1.0,0.0,2.0,0.0,0.0,2.0,9.0,0.0,3.0,0.0,0.0,0.0,1.0,1.0,0.0,0.0,0.0,0.0,0.0,2023,3
813,Ciudad Real,9.0,0.0,0.0,3.0,0.0,0.0,0.0,4.0,1.0,0.0,0.0,0.0,0.0,1.0,0.0,0.0,0.0,0.0,0.0,0.0,2023,3
816,Cuenca,6.0,0.0,0.0,0.0,0.0,0.0,0.0,2.0,1.0,2.0,0.0,0.0,0.0,0.0,1.0,0.0,0.0,0.0,0.0,0.0,2023,3
819,Guadalajara,2.0,0.0,0.0,0.0,0.0,0.0,1.0,1.0,0.0,0.0,0.0,0.0,0.0,0.0,0.0,0.0,0.0,0.0,0.0,0.0,2023,3
845,Toledo,4.0,0.0,0.0,1.0,0.0,0.0,0.0,3.0,0.0,0.0,0.0,0.0,0.0,0.0,0.0,0.0,0.0,0.0,0.0,0.0,2023,3
908,Barcelona,271.0,3.0,0.0,39.0,0.0,1.0,50.0,56.0,7.0,26.0,19.0,3.0,7.0,22.0,13.0,0.0,8.0,5.0,4.0,8.0,2023,3
917,Girona,26.0,0.0,0.0,4.0,0.0,0.0,3.0,7.0,2.0,5.0,1.0,0.0,0.0,1.0,2.0,0.0,0.0,0.0,0.0,1.0,2023,3
925,Lleida,11.0,1.0,0.0,3.0,0.0,0.0,3.0,1.0,1.0,0.0,0.0,0.0,1.0,0.0,1.0,0.0,0.0,0.0,0.0,0.0,2023,3
943,Tarragona,13.0,0.0,0.0,2.0,0.0,0.0,0.0,6.0,1.0,2.0,0.0,0.0,0.0,0.0,0.0,0.0,0.0,0.0,0.0,2.0,2023,3
734,Valencia,74.0,0.0,0.0,10.0,0.0,0.0,17.0,19.0,2.0,7.0,1.0,1.0,2.0,7.0,1.0,0.0,3.0,1.0,2.0,1.0,2023,3
1106,Badajoz,15.0,0.0,0.0,2.0,0.0,0.0,3.0,5.0,2.0,2.0,0.0,0.0,0.0,0.0,0.0,0.0,0.0,1.0,0.0,0.0,2023,3
1110,Cáceres,2.0,0.0,0.0,1.0,0.0,0.0,1.0,0.0,0.0,0.0,0.0,0.0,0.0,0.0,0.0,0.0,0.0,0.0,0.0,0.0,2023,3
1227,Lugo,10.0,0.0,0.0,0.0,1.0,0.0,1.0,2.0,2.0,4.0,0.0,0.0,0.0,0.0,0.0,0.0,0.0,0.0,0.0,0.0,2023,3
1232,Ourense,2.0,0.0,0.0,0.0,0.0,0.0,1.0,0.0,0.0,1.0,0.0,0.0,0.0,0.0,0.0,0.0,0.0,0.0,0.0,0.0,2023,3
1236,Pontevedra,19.0,1.0,0.0,3.0,0.0,0.0,3.0,4.0,3.0,0.0,1.0,0.0,1.0,1.0,0.0,0.0,1.0,0.0,1.0,0.0,2023,3
1328,Madrid,176.0,1.0,0.0,16.0,0.0,0.0,33.0,28.0,5.0,18.0,4.0,2.0,13.0,17.0,4.0,0.0,1.0,5.0,24.0,5.0,2023,3
1430,Murcia,29.0,0.0,0.0,2.0,0.0,0.0,8.0,7.0,3.0,0.0,1.0,0.0,0.0,7.0,1.0,0.0,0.0,0.0,0.0,0.0,2023,3
1531,Navarra,10.0,1.0,0.0,2.0,0.0,0.0,3.0,2.0,0.0,1.0,0.0,0.0,0.0,0.0,0.0,0.0,0.0,0.0,1.0,0.0,2023,3
1601,Araba/Álava,8.0,0.0,0.0,1.0,0.0,0.0,0.0,5.0,0.0,0.0,1.0,0.0,0.0,1.0,0.0,0.0,0.0,0.0,0.0,0.0,2023,3
1648,Bizkaia,30.0,0.0,0.0,9.0,0.0,0.0,7.0,4.0,0.0,1.0,2.0,1.0,1.0,4.0,1.0,0.0,0.0,0.0,0.0,0.0,2023,3
1620,Gipuzkoa,19.0,0.0,0.0,7.0,0.0,0.0,1.0,3.0,1.0,2.0,1.0,0.0,0.0,3.0,0.0,0.0,0.0,1.0,0.0,0.0,2023,3
1851,Ceuta,0.0,0.0,0.0,0.0,0.0,0.0,0.0,0.0,0.0,0.0,0.0,0.0,0.0,0.0,0.0,0.0,0.0,0.0,0.0,0.0,2023,3
1952,Melilla,0.0,0.0,0.0,0.0,0.0,0.0,0.0,0.0,0.0,0.0,0.0,0.0,0.0,0.0,0.0,0.0,0.0,0.0,0.0,0.0,2023,3
104,Almería,15.0,2.0,0.0,0.0,0.0,0.0,2.0,3.0,2.0,3.0,0.0,0.0,0.0,0.0,3.0,0.0,0.0,0.0,0.0,0.0,2023,4
111,Cádiz,22.0,1.0,0.0,5.0,0.0,0.0,5.0,6.0,0.0,4.0,0.0,0.0,0.0,0.0,0.0,0.0,1.0,0.0,0.0,0.0,2023,4
114,Córdoba,10.0,0.0,0.0,4.0,0.0,0.0,1.0,2.0,0.0,2.0,0.0,0.0,0.0,0.0,1.0,0.0,0.0,0.0,0.0,0.0,2023,4
118,Granada,10.0,0.0,0.0,3.0,0.0,0.0,1.0,3.0,0.0,2.0,0.0,0.0,0.0,1.0,0.0,0.0,0.0,0.0,0.0,0.0,2023,4
121,Huelva,9.0,4.0,0.0,0.0,0.0,0.0,3.0,1.0,1.0,0.0,0.0,0.0,0.0,0.0,0.0,0.0,0.0,0.0,0.0,0.0,2023,4
123,Jaén,7.0,0.0,0.0,1.0,0.0,0.0,1.0,3.0,1.0,1.0,0.0,0.0,0.0,0.0,0.0,0.0,0.0,0.0,0.0,0.0,2023,4
129,Málaga,25.0,0.0,0.0,2.0,0.0,0.0,3.0,6.0,0.0,4.0,3.0,1.0,0.0,1.0,1.0,0.0,1.0,0.0,3.0,0.0,2023,4
141,Sevilla,52.0,1.0,0.0,7.0,1.0,1.0,10.0,16.0,3.0,4.0,0.0,0.0,2.0,1.0,2.0,0.0,0.0,2.0,2.0,0.0,2023,4
943,Aragón,26.0,0.0,0.0,3.0,1.0,0.0,7.0,8.0,0.0,2.0,0.0,0.0,1.0,1.0,0.0,0.0,1.0,1.0,0.0,1.0,2023,4
222,Huesca,8.0,0.0,0.0,1.0,0.0,0.0,3.0,2.0,0.0,1.0,0.0,0.0,0.0,0.0,0.0,0.0,0.0,0.0,0.0,1.0,2023,4
244,Teruel,2.0,0.0,0.0,0.0,0.0,0.0,2.0,0.0,0.0,0.0,0.0,0.0,0.0,0.0,0.0,0.0,0.0,0.0,0.0,0.0,2023,4
250,Zaragoza,16.0,0.0,0.0,2.0,1.0,0.0,2.0,6.0,0.0,1.0,0.0,0.0,1.0,1.0,0.0,0.0,1.0,1.0,0.0,0.0,2023,4
333,Asturias,22.0,0.0,0.0,1.0,0.0,0.0,4.0,9.0,0.0,2.0,0.0,0.0,0.0,1.0,1.0,0.0,2.0,1.0,1.0,0.0,2023,4
407,"Balears, Illes",27.0,0.0,0.0,1.0,0.0,0.0,9.0,5.0,1.0,5.0,2.0,0.0,1.0,1.0,1.0,0.0,1.0,0.0,0.0,0.0,2023,4
639,Canarias,34.0,1.0,0.0,2.0,0.0,0.0,11.0,12.0,0.0,5.0,0.0,0.0,0.0,1.0,0.0,0.0,1.0,1.0,0.0,0.0,2023,4
538,Santa Cruz de Tenerife,12.0,0.0,0.0,1.0,0.0,0.0,4.0,5.0,0.0,2.0,0.0,0.0,0.0,0.0,0.0,0.0,0.0,0.0,0.0,0.0,2023,4
639,Cantabria,11.0,0.0,0.0,4.0,0.0,0.0,2.0,1.0,0.0,0.0,0.0,0.0,1.0,0.0,1.0,0.0,0.0,1.0,1.0,0.0,2023,4
705,Ávila,1.0,0.0,0.0,1.0,0.0,0.0,0.0,0.0,0.0,0.0,0.0,0.0,0.0,0.0,0.0,0.0,0.0,0.0,0.0,0.0,2023,4
709,Burgos,12.0,0.0,0.0,0.0,0.0,0.0,2.0,1.0,1.0,2.0,0.0,1.0,1.0,0.0,1.0,0.0,0.0,2.0,0.0,1.0,2023,4
724,León,7.0,0.0,0.0,1.0,0.0,0.0,2.0,3.0,0.0,0.0,0.0,0.0,0.0,1.0,0.0,0.0,0.0,0.0,0.0,0.0,2023,4
734,Palencia,0.0,0.0,0.0,0.0,0.0,0.0,0.0,0.0,0.0,0.0,0.0,0.0,0.0,0.0,0.0,0.0,0.0,0.0,0.0,0.0,2023,4
737,Salamanca,9.0,0.0,0.0,3.0,0.0,0.0,1.0,4.0,0.0,0.0,0.0,0.0,0.0,0.0,0.0,0.0,0.0,0.0,1.0,0.0,2023,4
740,Segovia,0.0,0.0,0.0,0.0,0.0,0.0,0.0,0.0,0.0,0.0,0.0,0.0,0.0,0.0,0.0,0.0,0.0,0.0,0.0,0.0,2023,4
742,Soria,1.0,0.0,0.0,1.0,0.0,0.0,0.0,0.0,0.0,0.0,0.0,0.0,0.0,0.0,0.0,0.0,0.0,0.0,0.0,0.0,2023,4
747,Valladolid,13.0,0.0,0.0,1.0,0.0,0.0,1.0,5.0,0.0,2.0,1.0,0.0,1.0,0.0,0.0,0.0,0.0,0.0,1.0,1.0,2023,4
749,Zamora,0.0,0.0,0.0,0.0,0.0,0.0,0.0,0.0,0.0,0.0,0.0,0.0,0.0,0.0,0.0,0.0,0.0,0.0,0.0,0.0,2023,4
802,Albacete,20.0,0.0,0.0,3.0,0.0,0.0,2.0,5.0,2.0,4.0,0.0,0.0,0.0,1.0,1.0,0.0,0.0,2.0,0.0,0.0,2023,4
813,Ciudad Real,12.0,0.0,0.0,3.0,0.0,0.0,1.0,3.0,4.0,0.0,1.0,0.0,0.0,0.0,0.0,0.0,0.0,0.0,0.0,0.0,2023,4
816,Cuenca,3.0,0.0,0.0,1.0,0.0,0.0,0.0,1.0,0.0,1.0,0.0,0.0,0.0,0.0,0.0,0.0,0.0,0.0,0.0,0.0,2023,4
819,Guadalajara,4.0,0.0,0.0,1.0,0.0,0.0,0.0,1.0,0.0,1.0,0.0,0.0,0.0,0.0,0.0,0.0,0.0,0.0,1.0,0.0,2023,4
845,Toledo,16.0,1.0,0.0,5.0,0.0,0.0,4.0,3.0,1.0,0.0,0.0,0.0,0.0,0.0,1.0,0.0,1.0,0.0,0.0,0.0,2023,4
908,Barcelona,320.0,1.0,0.0,46.0,0.0,2.0,61.0,81.0,11.0,24.0,9.0,4.0,10.0,34.0,8.0,0.0,6.0,5.0,3.0,15.0,2023,4
917,Girona,19.0,0.0,0.0,3.0,0.0,0.0,1.0,7.0,2.0,2.0,0.0,1.0,0.0,2.0,1.0,0.0,0.0,0.0,0.0,0.0,2023,4
925,Lleida,16.0,1.0,0.0,3.0,0.0,0.0,4.0,5.0,0.0,1.0,0.0,0.0,0.0,0.0,1.0,0.0,0.0,0.0,1.0,0.0,2023,4
943,Tarragona,29.0,2.0,0.0,4.0,0.0,0.0,10.0,7.0,2.0,0.0,0.0,0.0,0.0,0.0,0.0,0.0,0.0,1.0,0.0,3.0,2023,4
734,Valencia,115.0,0.0,0.0,19.0,0.0,1.0,19.0,32.0,5.0,13.0,2.0,0.0,1.0,5.0,6.0,0.0,1.0,1.0,5.0,5.0,2023,4
1106,Badajoz,13.0,3.0,0.0,2.0,0.0,0.0,2.0,3.0,1.0,1.0,0.0,0.0,0.0,0.0,0.0,0.0,0.0,1.0,0.0,0.0,2023,4
1110,Cáceres,2.0,0.0,0.0,2.0,0.0,0.0,0.0,0.0,0.0,0.0,0.0,0.0,0.0,0.0,0.0,0.0,0.0,0.0,0.0,0.0,2023,4
1227,Lugo,13.0,2.0,1.0,0.0,0.0,0.0,2.0,3.0,0.0,2.0,0.0,0.0,0.0,0.0,2.0,0.0,0.0,0.0,1.0,0.0,2023,4
1232,Ourense,2.0,0.0,0.0,0.0,0.0,0.0,0.0,1.0,0.0,0.0,0.0,0.0,0.0,0.0,1.0,0.0,0.0,0.0,0.0,0.0,2023,4
1236,Pontevedra,34.0,0.0,0.0,10.0,0.0,0.0,3.0,11.0,2.0,3.0,0.0,0.0,1.0,1.0,0.0,0.0,0.0,2.0,1.0,0.0,2023,4
1328,Madrid,286.0,2.0,0.0,19.0,1.0,3.0,47.0,58.0,10.0,33.0,20.0,4.0,11.0,21.0,14.0,0.0,14.0,8.0,11.0,10.0,2023,4
1430,Murcia,54.0,2.0,1.0,9.0,0.0,0.0,7.0,20.0,2.0,5.0,1.0,0.0,0.0,4.0,1.0,0.0,0.0,0.0,1.0,1.0,2023,4
1531,Navarra,12.0,1.0,0.0,1.0,1.0,0.0,1.0,2.0,3.0,1.0,1.0,0.0,0.0,1.0,0.0,0.0,0.0,0.0,0.0,0.0,2023,4
1601,Araba/Álava,4.0,0.0,0.0,0.0,0.0,0.0,0.0,2.0,0.0,1.0,1.0,0.0,0.0,0.0,0.0,0.0,0.0,0.0,0.0,0.0,2023,4
1648,Bizkaia,38.0,0.0,0.0,6.0,0.0,0.0,6.0,12.0,0.0,2.0,1.0,0.0,0.0,5.0,2.0,0.0,1.0,2.0,1.0,0.0,2023,4
1620,Gipuzkoa,15.0,0.0,0.0,4.0,0.0,0.0,0.0,5.0,0.0,1.0,0.0,0.0,0.0,4.0,1.0,0.0,0.0,0.0,0.0,0.0,2023,4
1851,Ceuta,1.0,0.0,0.0,0.0,0.0,0.0,0.0,0.0,0.0,0.0,0.0,0.0,0.0,0.0,0.0,0.0,1.0,0.0,0.0,0.0,2023,4
1952,Melilla,0.0,0.0,0.0,0.0,0.0,0.0,0.0,0.0,0.0,0.0,0.0,0.0,0.0,0.0,0.0,0.0,0.0,0.0,0.0,0.0,2023,4
104,Almería,10.0,1.0,0.0,0.0,0.0,0.0,3.0,5.0,0.0,1.0,0.0,0.0,0.0,0.0,0.0,0.0,0.0,0.0,0.0,0.0,2024,1
111,Cádiz,9.0,0.0,0.0,1.0,0.0,1.0,1.0,2.0,0.0,1.0,1.0,0.0,0.0,1.0,1.0,0.0,0.0,0.0,0.0,0.0,2024,1
114,Córdoba,15.0,1.0,0.0,5.0,0.0,0.0,3.0,3.0,0.0,2.0,1.0,0.0,0.0,0.0,0.0,0.0,0.0,0.0,0.0,0.0,2024,1
118,Granada,15.0,0.0,0.0,1.0,0.0,0.0,6.0,3.0,1.0,0.0,1.0,0.0,0.0,1.0,0.0,0.0,0.0,1.0,0.0,1.0,2024,1
121,Huelva,7.0,2.0,0.0,0.0,0.0,0.0,2.0,2.0,0.0,0.0,0.0,0.0,1.0,0.0,0.0,0.0,0.0,0.0,0.0,0.0,2024,1
123,Jaén,6.0,1.0,0.0,1.0,0.0,0.0,1.0,1.0,1.0,1.0,0.0,0.0,0.0,0.0,0.0,0.0,0.0,0.0,0.0,0.0,2024,1
129,Málaga,33.0,0.0,0.0,1.0,0.0,0.0,6.0,10.0,0.0,7.0,0.0,1.0,0.0,1.0,3.0,0.0,2.0,0.0,1.0,1.0,2024,1
141,Sevilla,35.0,0.0,0.0,1.0,0.0,0.0,5.0,9.0,0.0,8.0,0.0,0.0,3.0,1.0,3.0,0.0,1.0,1.0,0.0,3.0,2024,1
943,Aragón,33.0,3.0,1.0,3.0,0.0,1.0,5.0,10.0,2.0,3.0,0.0,0.0,0.0,2.0,0.0,0.0,0.0,1.0,0.0,2.0,2024,1
222,Huesca,3.0,1.0,0.0,1.0,0.0,0.0,0.0,1.0,0.0,0.0,0.0,0.0,0.0,0.0,0.0,0.0,0.0,0.0,0.0,0.0,2024,1
244,Teruel,2.0,0.0,0.0,0.0,0.0,0.0,1.0,0.0,0.0,0.0,0.0,0.0,0.0,0.0,0.0,0.0,0.0,1.0,0.0,0.0,2024,1
250,Zaragoza,28.0,2.0,1.0,2.0,0.0,1.0,4.0,9.0,2.0,3.0,0.0,0.0,0.0,2.0,0.0,0.0,0.0,0.0,0.0,2.0,2024,1
333,Asturias,27.0,0.0,0.0,3.0,1.0,1.0,4.0,7.0,3.0,1.0,0.0,0.0,1.0,2.0,2.0,0.0,0.0,1.0,0.0,1.0,2024,1
407,"Balears, Illes",18.0,0.0,0.0,0.0,0.0,0.0,6.0,6.0,2.0,2.0,0.0,0.0,0.0,0.0,1.0,0.0,0.0,1.0,0.0,0.0,2024,1
639,Canarias,27.0,1.0,0.0,4.0,0.0,0.0,7.0,7.0,0.0,4.0,0.0,0.0,0.0,2.0,2.0,0.0,0.0,0.0,0.0,0.0,2024,1
538,Santa Cruz de Tenerife,13.0,0.0,0.0,1.0,0.0,0.0,4.0,5.0,0.0,2.0,0.0,0.0,0.0,1.0,0.0,0.0,0.0,0.0,0.0,0.0,2024,1
639,Cantabria,17.0,0.0,0.0,2.0,0.0,0.0,2.0,3.0,1.0,4.0,1.0,1.0,1.0,1.0,0.0,0.0,0.0,0.0,1.0,0.0,2024,1
705,Ávila,0.0,0.0,0.0,0.0,0.0,0.0,0.0,0.0,0.0,0.0,0.0,0.0,0.0,0.0,0.0,0.0,0.0,0.0,0.0,0.0,2024,1
709,Burgos,8.0,0.0,0.0,4.0,0.0,0.0,1.0,1.0,0.0,0.0,0.0,0.0,0.0,0.0,0.0,0.0,1.0,0.0,0.0,1.0,2024,1
724,León,7.0,0.0,0.0,0.0,0.0,0.0,2.0,2.0,1.0,2.0,0.0,0.0,0.0,0.0,0.0,0.0,0.0,0.0,0.0,0.0,2024,1
734,Palencia,4.0,0.0,0.0,2.0,0.0,0.0,0.0,1.0,0.0,0.0,0.0,0.0,0.0,0.0,0.0,0.0,0.0,0.0,1.0,0.0,2024,1
737,Salamanca,8.0,0.0,0.0,0.0,0.0,0.0,3.0,2.0,0.0,1.0,0.0,0.0,0.0,0.0,0.0,0.0,1.0,0.0,0.0,1.0,2024,1
740,Segovia,4.0,0.0,0.0,0.0,0.0,0.0,0.0,1.0,0.0,0.0,2.0,0.0,0.0,1.0,0.0,0.0,0.0,0.0,0.0,0.0,2024,1
742,Soria,2.0,0.0,0.0,1.0,0.0,0.0,0.0,0.0,0.0,1.0,0.0,0.0,0.0,0.0,0.0,0.0,0.0,0.0,0.0,0.0,2024,1
747,Valladolid,16.0,1.0,0.0,1.0,0.0,0.0,4.0,5.0,0.0,2.0,0.0,0.0,0.0,2.0,0.0,0.0,1.0,0.0,0.0,0.0,2024,1
749,Zamora,1.0,0.0,0.0,0.0,0.0,0.0,0.0,1.0,0.0,0.0,0.0,0.0,0.0,0.0,0.0,0.0,0.0,0.0,0.0,0.0,2024,1
802,Albacete,12.0,0.0,0.0,1.0,0.0,0.0,1.0,5.0,0.0,3.0,0.0,0.0,0.0,0.0,0.0,0.0,2.0,0.0,0.0,0.0,2024,1
813,Ciudad Real,5.0,1.0,0.0,1.0,0.0,0.0,2.0,1.0,0.0,0.0,0.0,0.0,0.0,0.0,0.0,0.0,0.0,0.0,0.0,0.0,2024,1
816,Cuenca,5.0,0.0,0.0,0.0,0.0,0.0,0.0,3.0,2.0,0.0,0.0,0.0,0.0,0.0,0.0,0.0,0.0,0.0,0.0,0.0,2024,1
819,Guadalajara,3.0,0.0,0.0,0.0,0.0,0.0,0.0,1.0,0.0,1.0,0.0,0.0,0.0,0.0,1.0,0.0,0.0,0.0,0.0,0.0,2024,1
845,Toledo,9.0,0.0,0.0,1.0,0.0,0.0,0.0,2.0,1.0,2.0,0.0,0.0,0.0,1.0,1.0,0.0,1.0,0.0,0.0,0.0,2024,1
908,Barcelona,337.0,2.0,0.0,49.0,1.0,1.0,59.0,73.0,16.0,33.0,23.0,3.0,16.0,24.0,13.0,0.0,2.0,5.0,6.0,11.0,2024,1
917,Girona,15.0,0.0,0.0,2.0,0.0,0.0,3.0,3.0,0.0,1.0,0.0,0.0,1.0,3.0,1.0,0.0,0.0,0.0,0.0,1.0,2024,1
925,Lleida,15.0,0.0,0.0,1.0,0.0,0.0,4.0,4.0,2.0,2.0,0.0,0.0,0.0,2.0,0.0,0.0,0.0,0.0,0.0,0.0,2024,1
943,Tarragona,19.0,0.0,0.0,4.0,0.0,0.0,6.0,6.0,0.0,0.0,0.0,1.0,0.0,0.0,1.0,0.0,0.0,0.0,0.0,1.0,2024,1
734,Valencia,128.0,1.0,1.0,19.0,0.0,0.0,18.0,37.0,2.0,13.0,8.0,7.0,5.0,9.0,2.0,0.0,2.0,0.0,2.0,2.0,2024,1
1106,Badajoz,8.0,0.0,0.0,2.0,0.0,0.0,1.0,1.0,0.0,2.0,0.0,0.0,0.0,0.0,0.0,0.0,0.0,1.0,0.0,1.0,2024,1
1110,Cáceres,4.0,0.0,0.0,0.0,0.0,0.0,0.0,3.0,1.0,0.0,0.0,0.0,0.0,0.0,0.0,0.0,0.0,0.0,0.0,0.0,2024,1
1227,Lugo,4.0,0.0,0.0,0.0,0.0,0.0,1.0,1.0,0.0,0.0,1.0,0.0,0.0,1.0,0.0,0.0,0.0,0.0,0.0,0.0,2024,1
1232,Ourense,3.0,0.0,0.0,0.0,0.0,0.0,1.0,1.0,0.0,0.0,0.0,1.0,0.0,0.0,0.0,0.0,0.0,0.0,0.0,0.0,2024,1
1236,Pontevedra,26.0,0.0,0.0,1.0,1.0,0.0,3.0,8.0,1.0,7.0,0.0,1.0,0.0,2.0,0.0,0.0,0.0,1.0,0.0,1.0,2024,1
1328,Madrid,354.0,3.0,0.0,27.0,0.0,0.0,40.0,60.0,7.0,39.0,30.0,9.0,13.0,45.0,45.0,1.0,7.0,4.0,13.0,11.0,2024,1
1430,Murcia,45.0,5.0,0.0,5.0,0.0,0.0,2.0,22.0,2.0,3.0,0.0,0.0,0.0,3.0,1.0,0.0,1.0,0.0,0.0,1.0,2024,1
1531,Navarra,16.0,0.0,0.0,2.0,0.0,0.0,2.0,3.0,1.0,5.0,0.0,0.0,0.0,3.0,0.0,0.0,0.0,0.0,0.0,0.0,2024,1
1601,Araba/Álava,6.0,0.0,0.0,3.0,0.0,0.0,1.0,1.0,0.0,1.0,0.0,0.0,0.0,0.0,0.0,0.0,0.0,0.0,0.0,0.0,2024,1
1648,Bizkaia,48.0,0.0,0.0,6.0,0.0,0.0,11.0,12.0,2.0,5.0,2.0,2.0,2.0,4.0,0.0,0.0,2.0,0.0,0.0,0.0,2024,1
1620,Gipuzkoa,32.0,0.0,0.0,6.0,0.0,0.0,4.0,6.0,0.0,4.0,2.0,0.0,1.0,3.0,3.0,0.0,0.0,0.0,0.0,3.0,2024,1
1851,Ceuta,2.0,0.0,0.0,0.0,0.0,0.0,0.0,1.0,0.0,1.0,0.0,0.0,0.0,0.0,0.0,0.0,0.0,0.0,0.0,0.0,2024,1
1952,Melilla,0.0,0.0,0.0,0.0,0.0,0.0,0.0,0.0,0.0,0.0,0.0,0.0,0.0,0.0,0.0,0.0,0.0,0.0,0.0,0.0,2024,1
104,Almería,8.0,1.0,0.0,3.0,0.0,0.0,0.0,2.0,1.0,0.0,0.0,0.0,1.0,0.0,0.0,0.0,0.0,0.0,0.0,0.0,2024,2
111,Cádiz,24.0,1.0,0.0,2.0,0.0,0.0,8.0,4.0,1.0,1.0,0.0,0.0,0.0,0.0,2.0,0.0,0.0,4.0,1.0,0.0,2024,2
114,Córdoba,9.0,0.0,0.0,1.0,1.0,0.0,1.0,2.0,0.0,1.0,1.0,0.0,0.0,2.0,0.0,0.0,0.0,0.0,0.0,0.0,2024,2
118,Granada,25.0,0.0,0.0,0.0,0.0,0.0,7.0,7.0,0.0,2.0,2.0,0.0,1.0,2.0,1.0,0.0,0.0,0.0,1.0,2.0,2024,2
121,Huelva,8.0,0.0,0.0,1.0,0.0,0.0,3.0,0.0,0.0,1.0,0.0,0.0,0.0,1.0,2.0,0.0,0.0,0.0,0.0,0.0,2024,2
123,Jaén,5.0,0.0,1.0,1.0,0.0,0.0,0.0,3.0,0.0,0.0,0.0,0.0,0.0,0.0,0.0,0.0,0.0,0.0,0.0,0.0,2024,2
129,Málaga,35.0,0.0,0.0,2.0,0.0,0.0,5.0,11.0,2.0,6.0,3.0,1.0,3.0,0.0,0.0,0.0,0.0,0.0,0.0,2.0,2024,2
141,Sevilla,34.0,0.0,0.0,6.0,0.0,0.0,3.0,14.0,3.0,3.0,1.0,0.0,1.0,2.0,1.0,0.0,0.0,0.0,0.0,0.0,2024,2
943,Aragón,33.0,1.0,0.0,4.0,0.0,0.0,10.0,4.0,2.0,3.0,3.0,1.0,0.0,1.0,3.0,0.0,0.0,0.0,0.0,1.0,2024,2
222,Huesca,5.0,0.0,0.0,0.0,0.0,0.0,3.0,0.0,0.0,0.0,0.0,0.0,0.0,0.0,2.0,0.0,0.0,0.0,0.0,0.0,2024,2
244,Teruel,1.0,0.0,0.0,0.0,0.0,0.0,0.0,0.0,0.0,1.0,0.0,0.0,0.0,0.0,0.0,0.0,0.0,0.0,0.0,0.0,2024,2
250,Zaragoza,27.0,1.0,0.0,4.0,0.0,0.0,7.0,4.0,2.0,2.0,3.0,1.0,0.0,1.0,1.0,0.0,0.0,0.0,0.0,1.0,2024,2
333,Asturias,36.0,0.0,0.0,4.0,0.0,0.0,6.0,12.0,0.0,4.0,3.0,0.0,0.0,0.0,4.0,0.0,0.0,2.0,1.0,0.0,2024,2
407,"Balears, Illes",19.0,0.0,0.0,0.0,0.0,0.0,8.0,1.0,1.0,4.0,2.0,0.0,1.0,0.0,0.0,0.0,1.0,0.0,0.0,1.0,2024,2
639,Canarias,30.0,1.0,0.0,6.0,0.0,0.0,8.0,3.0,0.0,5.0,1.0,0.0,0.0,3.0,2.0,0.0,1.0,0.0,0.0,0.0,2024,2
538,Santa Cruz de Tenerife,11.0,1.0,0.0,2.0,0.0,0.0,2.0,1.0,0.0,2.0,1.0,0.0,0.0,1.0,0.0,0.0,1.0,0.0,0.0,0.0,2024,2
639,Cantabria,10.0,0.0,0.0,1.0,0.0,0.0,3.0,3.0,0.0,1.0,0.0,0.0,1.0,0.0,0.0,0.0,1.0,0.0,0.0,0.0,2024,2
705,Ávila,0.0,0.0,0.0,0.0,0.0,0.0,0.0,0.0,0.0,0.0,0.0,0.0,0.0,0.0,0.0,0.0,0.0,0.0,0.0,0.0,2024,2
709,Burgos,4.0,0.0,0.0,0.0,0.0,0.0,1.0,1.0,2.0,0.0,0.0,0.0,0.0,0.0,0.0,0.0,0.0,0.0,0.0,0.0,2024,2
724,León,10.0,0.0,1.0,0.0,0.0,0.0,2.0,2.0,2.0,2.0,0.0,0.0,0.0,0.0,1.0,0.0,0.0,0.0,0.0,0.0,2024,2
734,Palencia,2.0,0.0,0.0,2.0,0.0,0.0,0.0,0.0,0.0,0.0,0.0,0.0,0.0,0.0,0.0,0.0,0.0,0.0,0.0,0.0,2024,2
737,Salamanca,6.0,0.0,0.0,1.0,0.0,0.0,0.0,4.0,0.0,0.0,0.0,0.0,0.0,0.0,0.0,0.0,0.0,0.0,0.0,1.0,2024,2
740,Segovia,3.0,0.0,0.0,1.0,0.0,0.0,0.0,1.0,0.0,0.0,0.0,0.0,0.0,1.0,0.0,0.0,0.0,0.0,0.0,0.0,2024,2
742,Soria,1.0,0.0,0.0,1.0,0.0,0.0,0.0,0.0,0.0,0.0,0.0,0.0,0.0,0.0,0.0,0.0,0.0,0.0,0.0,0.0,2024,2
747,Valladolid,11.0,0.0,0.0,0.0,0.0,0.0,0.0,3.0,0.0,2.0,0.0,0.0,0.0,0.0,3.0,0.0,0.0,0.0,2.0,1.0,2024,2
749,Zamora,2.0,0.0,0.0,0.0,0.0,0.0,0.0,0.0,1.0,1.0,0.0,0.0,0.0,0.0,0.0,0.0,0.0,0.0,0.0,0.0,2024,2
802,Albacete,20.0,3.0,0.0,4.0,0.0,0.0,4.0,2.0,1.0,1.0,1.0,0.0,0.0,0.0,1.0,0.0,1.0,2.0,0.0,0.0,2024,2
813,Ciudad Real,8.0,2.0,0.0,1.0,0.0,0.0,3.0,0.0,0.0,0.0,1.0,0.0,0.0,0.0,0.0,0.0,0.0,1.0,0.0,0.0,2024,2
816,Cuenca,1.0,1.0,0.0,0.0,0.0,0.0,0.0,0.0,0.0,0.0,0.0,0.0,0.0,0.0,0.0,0.0,0.0,0.0,0.0,0.0,2024,2
819,Guadalajara,3.0,0.0,0.0,0.0,0.0,0.0,0.0,1.0,0.0,1.0,1.0,0.0,0.0,0.0,0.0,0.0,0.0,0.0,0.0,0.0,2024,2
845,Toledo,11.0,1.0,0.0,1.0,0.0,0.0,2.0,3.0,2.0,1.0,1.0,0.0,0.0,0.0,0.0,0.0,0.0,0.0,0.0,0.0,2024,2
908,Barcelona,325.0,1.0,0.0,39.0,0.0,1.0,47.0,80.0,12.0,40.0,16.0,4.0,14.0,35.0,22.0,0.0,7.0,2.0,3.0,2.0,2024,2
917,Girona,16.0,2.0,0.0,3.0,0.0,0.0,3.0,2.0,0.0,3.0,0.0,1.0,1.0,0.0,0.0,0.0,0.0,0.0,0.0,1.0,2024,2
925,Lleida,18.0,0.0,0.0,1.0,0.0,0.0,4.0,7.0,2.0,0.0,1.0,0.0,0.0,1.0,1.0,0.0,1.0,0.0,0.0,0.0,2024,2
943,Tarragona,23.0,1.0,0.0,1.0,1.0,0.0,6.0,5.0,0.0,3.0,1.0,0.0,1.0,3.0,0.0,0.0,0.0,0.0,0.0,1.0,2024,2
734,Valencia,97.0,1.0,1.0,16.0,0.0,0.0,11.0,29.0,6.0,4.0,8.0,2.0,1.0,5.0,3.0,0.0,2.0,2.0,2.0,4.0,2024,2
1106,Badajoz,9.0,1.0,0.0,0.0,0.0,0.0,1.0,2.0,0.0,1.0,1.0,1.0,0.0,2.0,0.0,0.0,0.0,0.0,0.0,0.0,2024,2
1110,Cáceres,6.0,1.0,0.0,0.0,0.0,0.0,2.0,2.0,0.0,1.0,0.0,0.0,0.0,0.0,0.0,0.0,0.0,0.0,0.0,0.0,2024,2
1227,Lugo,12.0,1.0,0.0,4.0,0.0,0.0,0.0,4.0,1.0,0.0,1.0,0.0,0.0,1.0,0.0,0.0,0.0,0.0,0.0,0.0,2024,2
1232,Ourense,2.0,0.0,0.0,0.0,0.0,0.0,0.0,1.0,0.0,1.0,0.0,0.0,0.0,0.0,0.0,0.0,0.0,0.0,0.0,0.0,2024,2
1236,Pontevedra,30.0,0.0,0.0,6.0,0.0,0.0,4.0,9.0,1.0,1.0,1.0,0.0,0.0,1.0,2.0,0.0,1.0,2.0,0.0,2.0,2024,2
1328,Madrid,317.0,1.0,0.0,25.0,0.0,1.0,36.0,72.0,11.0,39.0,25.0,4.0,14.0,24.0,25.0,0.0,10.0,6.0,7.0,17.0,2024,2
1430,Murcia,45.0,4.0,0.0,5.0,0.0,0.0,5.0,15.0,2.0,2.0,0.0,0.0,2.0,3.0,1.0,0.0,4.0,0.0,0.0,2.0,2024,2
1531,Navarra,12.0,0.0,0.0,3.0,0.0,0.0,1.0,3.0,1.0,1.0,0.0,1.0,0.0,0.0,0.0,0.0,1.0,1.0,0.0,0.0,2024,2
1601,Araba/Álava,15.0,0.0,0.0,5.0,0.0,0.0,2.0,5.0,0.0,0.0,0.0,0.0,0.0,2.0,0.0,0.0,0.0,0.0,1.0,0.0,2024,2
1648,Bizkaia,42.0,2.0,0.0,7.0,0.0,0.0,7.0,8.0,2.0,1.0,5.0,0.0,2.0,4.0,0.0,0.0,0.0,1.0,0.0,3.0,2024,2
1620,Gipuzkoa,16.0,0.0,0.0,6.0,0.0,0.0,1.0,5.0,0.0,3.0,0.0,1.0,0.0,0.0,0.0,0.0,0.0,0.0,0.0,0.0,2024,2
1851,Ceuta,2.0,0.0,0.0,0.0,0.0,0.0,0.0,1.0,0.0,0.0,0.0,0.0,0.0,1.0,0.0,0.0,0.0,0.0,0.0,0.0,2024,2
1952,Melilla,1.0,0.0,0.0,0.0,0.0,0.0,0.0,1.0,0.0,0.0,0.0,0.0,0.0,0.0,0.0,0.0,0.0,0.0,0.0,0.0,2024,2
104,Almería,8.0,1.0,0.0,2.0,0.0,0.0,1.0,2.0,1.0,0.0,0.0,0.0,0.0,0.0,1.0,0.0,0.0,0.0,0.0,0.0,2024,3
111,Cádiz,19.0,0.0,0.0,2.0,0.0,0.0,3.0,6.0,1.0,2.0,0.0,0.0,0.0,1.0,2.0,0.0,0.0,1.0,0.0,1.0,2024,3
114,Córdoba,16.0,0.0,0.0,3.0,0.0,0.0,3.0,6.0,0.0,2.0,0.0,0.0,0.0,1.0,1.0,0.0,0.0,0.0,0.0,0.0,2024,3
118,Granada,13.0,0.0,0.0,2.0,0.0,0.0,2.0,7.0,0.0,0.0,0.0,0.0,0.0,1.0,0.0,0.0,1.0,0.0,0.0,0.0,2024,3
121,Huelva,9.0,1.0,0.0,1.0,0.0,0.0,3.0,2.0,0.0,0.0,0.0,0.0,2.0,0.0,0.0,0.0,0.0,0.0,0.0,0.0,2024,3
123,Jaén,12.0,0.0,0.0,4.0,0.0,0.0,3.0,1.0,0.0,1.0,1.0,0.0,0.0,1.0,0.0,0.0,0.0,0.0,0.0,1.0,2024,3
129,Málaga,24.0,0.0,0.0,1.0,0.0,0.0,2.0,9.0,0.0,3.0,1.0,0.0,1.0,3.0,2.0,0.0,2.0,0.0,0.0,0.0,2024,3
141,Sevilla,54.0,0.0,0.0,5.0,1.0,1.0,6.0,20.0,0.0,9.0,0.0,0.0,1.0,2.0,2.0,0.0,2.0,2.0,2.0,1.0,2024,3
943,Aragón,22.0,1.0,0.0,4.0,0.0,0.0,3.0,4.0,0.0,2.0,3.0,0.0,1.0,2.0,0.0,0.0,1.0,0.0,0.0,1.0,2024,3
222,Huesca,3.0,1.0,0.0,0.0,0.0,0.0,1.0,0.0,0.0,0.0,0.0,0.0,1.0,0.0,0.0,0.0,0.0,0.0,0.0,0.0,2024,3
244,Teruel,1.0,0.0,0.0,0.0,0.0,0.0,0.0,0.0,0.0,0.0,1.0,0.0,0.0,0.0,0.0,0.0,0.0,0.0,0.0,0.0,2024,3
250,Zaragoza,18.0,0.0,0.0,4.0,0.0,0.0,2.0,4.0,0.0,2.0,2.0,0.0,0.0,2.0,0.0,0.0,1.0,0.0,0.0,1.0,2024,3
333,Asturias,27.0,0.0,0.0,7.0,0.0,0.0,3.0,6.0,1.0,3.0,2.0,1.0,0.0,3.0,0.0,0.0,1.0,0.0,0.0,0.0,2024,3
407,"Balears, Illes",24.0,0.0,0.0,2.0,0.0,0.0,6.0,5.0,1.0,2.0,0.0,0.0,1.0,1.0,3.0,0.0,1.0,0.0,0.0,2.0,2024,3
639,Canarias,25.0,0.0,0.0,1.0,0.0,0.0,3.0,11.0,0.0,3.0,1.0,0.0,1.0,0.0,2.0,0.0,1.0,1.0,1.0,0.0,2024,3
538,Santa Cruz de Tenerife,10.0,0.0,0.0,0.0,0.0,0.0,1.0,6.0,0.0,2.0,0.0,0.0,0.0,0.0,0.0,0.0,0.0,0.0,1.0,0.0,2024,3
639,Cantabria,5.0,0.0,0.0,0.0,0.0,0.0,2.0,2.0,0.0,0.0,0.0,0.0,0.0,0.0,0.0,0.0,0.0,0.0,1.0,0.0,2024,3
705,Ávila,0.0,0.0,0.0,0.0,0.0,0.0,0.0,0.0,0.0,0.0,0.0,0.0,0.0,0.0,0.0,0.0,0.0,0.0,0.0,0.0,2024,3
709,Burgos,3.0,0.0,0.0,1.0,0.0,0.0,0.0,0.0,1.0,0.0,0.0,0.0,0.0,0.0,1.0,0.0,0.0,0.0,0.0,0.0,2024,3
724,León,9.0,0.0,0.0,1.0,0.0,0.0,2.0,1.0,0.0,2.0,0.0,0.0,0.0,1.0,2.0,0.0,0.0,0.0,0.0,0.0,2024,3
734,Palencia,2.0,0.0,0.0,0.0,0.0,1.0,1.0,0.0,0.0,0.0,0.0,0.0,0.0,0.0,0.0,0.0,0.0,0.0,0.0,0.0,2024,3
737,Salamanca,7.0,0.0,0.0,0.0,0.0,0.0,1.0,2.0,0.0,3.0,0.0,0.0,0.0,0.0,0.0,0.0,1.0,0.0,0.0,0.0,2024,3
740,Segovia,3.0,0.0,0.0,0.0,0.0,0.0,0.0,1.0,0.0,2.0,0.0,0.0,0.0,0.0,0.0,0.0,0.0,0.0,0.0,0.0,2024,3
742,Soria,2.0,0.0,0.0,1.0,0.0,0.0,0.0,1.0,0.0,0.0,0.0,0.0,0.0,0.0,0.0,0.0,0.0,0.0,0.0,0.0,2024,3
747,Valladolid,15.0,0.0,0.0,3.0,0.0,0.0,2.0,3.0,0.0,1.0,0.0,0.0,0.0,3.0,0.0,0.0,1.0,1.0,0.0,1.0,2024,3
749,Zamora,0.0,0.0,0.0,0.0,0.0,0.0,0.0,0.0,0.0,0.0,0.0,0.0,0.0,0.0,0.0,0.0,0.0,0.0,0.0,0.0,2024,3
802,Albacete,15.0,1.0,0.0,2.0,0.0,0.0,1.0,3.0,0.0,5.0,1.0,0.0,0.0,0.0,0.0,0.0,0.0,0.0,2.0,0.0,2024,3
813,Ciudad Real,5.0,0.0,0.0,1.0,0.0,0.0,1.0,1.0,1.0,0.0,0.0,0.0,0.0,0.0,0.0,0.0,0.0,0.0,0.0,1.0,2024,3
816,Cuenca,1.0,0.0,0.0,0.0,0.0,0.0,1.0,0.0,0.0,0.0,0.0,0.0,0.0,0.0,0.0,0.0,0.0,0.0,0.0,0.0,2024,3
819,Guadalajara,7.0,0.0,0.0,0.0,0.0,0.0,2.0,3.0,2.0,0.0,0.0,0.0,0.0,0.0,0.0,0.0,0.0,0.0,0.0,0.0,2024,3
845,Toledo,6.0,0.0,0.0,1.0,0.0,0.0,2.0,1.0,1.0,0.0,0.0,1.0,0.0,0.0,0.0,0.0,0.0,0.0,0.0,0.0,2024,3
908,Barcelona,254.0,0.0,0.0,37.0,0.0,1.0,40.0,50.0,9.0,24.0,22.0,4.0,5.0,27.0,12.0,0.0,9.0,3.0,3.0,8.0,2024,3
917,Girona,25.0,2.0,0.0,4.0,1.0,0.0,2.0,7.0,2.0,3.0,0.0,1.0,1.0,1.0,0.0,0.0,1.0,0.0,0.0,0.0,2024,3
925,Lleida,7.0,1.0,0.0,0.0,0.0,0.0,0.0,3.0,3.0,0.0,0.0,0.0,0.0,0.0,0.0,0.0,0.0,0.0,0.0,0.0,2024,3
943,Tarragona,11.0,0.0,0.0,2.0,1.0,0.0,3.0,2.0,0.0,0.0,1.0,1.0,0.0,0.0,0.0,0.0,1.0,0.0,0.0,0.0,2024,3
734,Valencia,112.0,2.0,0.0,17.0,0.0,2.0,17.0,28.0,9.0,11.0,3.0,1.0,5.0,11.0,3.0,0.0,1.0,0.0,1.0,1.0,2024,3
1106,Badajoz,11.0,0.0,0.0,1.0,0.0,0.0,1.0,1.0,2.0,3.0,0.0,0.0,1.0,0.0,0.0,0.0,1.0,0.0,0.0,1.0,2024,3
1110,Cáceres,9.0,0.0,0.0,1.0,0.0,0.0,1.0,3.0,0.0,1.0,0.0,0.0,1.0,1.0,0.0,0.0,0.0,0.0,1.0,0.0,2024,3
1227,Lugo,9.0,2.0,0.0,2.0,0.0,0.0,2.0,1.0,0.0,2.0,0.0,0.0,0.0,0.0,0.0,0.0,0.0,0.0,0.0,0.0,2024,3
1232,Ourense,4.0,0.0,0.0,1.0,0.0,0.0,0.0,1.0,1.0,0.0,0.0,0.0,0.0,1.0,0.0,0.0,0.0,0.0,0.0,0.0,2024,3
1236,Pontevedra,32.0,1.0,0.0,6.0,0.0,0.0,2.0,10.0,1.0,3.0,1.0,0.0,0.0,4.0,0.0,0.0,0.0,2.0,0.0,2.0,2024,3
1328,Madrid,183.0,0.0,0.0,16.0,0.0,0.0,21.0,58.0,1.0,16.0,14.0,2.0,6.0,15.0,13.0,0.0,6.0,3.0,1.0,11.0,2024,3
1430,Murcia,46.0,0.0,0.0,5.0,0.0,0.0,10.0,13.0,5.0,3.0,4.0,0.0,2.0,1.0,2.0,0.0,1.0,0.0,0.0,0.0,2024,3
1531,Navarra,7.0,0.0,0.0,3.0,0.0,0.0,2.0,0.0,0.0,0.0,0.0,0.0,1.0,1.0,0.0,0.0,0.0,0.0,0.0,0.0,2024,3
1601,Araba/Álava,11.0,0.0,0.0,1.0,1.0,0.0,2.0,2.0,1.0,1.0,0.0,1.0,0.0,1.0,1.0,0.0,0.0,0.0,0.0,0.0,2024,3
1648,Bizkaia,29.0,0.0,0.0,4.0,0.0,0.0,8.0,6.0,0.0,3.0,1.0,0.0,0.0,2.0,2.0,0.0,1.0,1.0,1.0,0.0,2024,3
1620,Gipuzkoa,22.0,0.0,0.0,5.0,0.0,0.0,4.0,3.0,0.0,4.0,0.0,0.0,1.0,2.0,2.0,0.0,1.0,0.0,0.0,0.0,2024,3
1851,Ceuta,,,,,,,,,,,,,,,,,,,,,2024,3
1952,Melilla,,,,,,,,,,,,,,,,,,,,,2024,3
104,Almería,10.0,1.0,0.0,1.0,0.0,0.0,0.0,2.0,0.0,2.0,0.0,0.0,1.0,2.0,0.0,0.0,0.0,1.0,0.0,0.0,2024,4
111,Cádiz,25.0,1.0,0.0,2.0,0.0,0.0,6.0,4.0,1.0,3.0,2.0,0.0,2.0,1.0,2.0,0.0,0.0,1.0,0.0,0.0,2024,4
114,Córdoba,12.0,1.0,0.0,3.0,0.0,0.0,2.0,1.0,1.0,1.0,0.0,0.0,0.0,1.0,0.0,0.0,0.0,0.0,0.0,2.0,2024,4
118,Granada,10.0,0.0,0.0,2.0,0.0,0.0,2.0,1.0,0.0,1.0,2.0,0.0,0.0,1.0,1.0,0.0,0.0,0.0,0.0,0.0,2024,4
121,Huelva,4.0,1.0,0.0,0.0,0.0,0.0,0.0,1.0,0.0,0.0,0.0,0.0,0.0,0.0,0.0,0.0,1.0,1.0,0.0,0.0,2024,4
123,Jaén,8.0,0.0,0.0,2.0,0.0,0.0,2.0,1.0,1.0,0.0,1.0,0.0,0.0,0.0,1.0,0.0,0.0,0.0,0.0,0.0,2024,4
129,Málaga,41.0,0.0,0.0,1.0,1.0,0.0,7.0,13.0,0.0,9.0,1.0,1.0,2.0,1.0,4.0,0.0,0.0,1.0,0.0,0.0,2024,4
141,Sevilla,56.0,1.0,0.0,2.0,0.0,0.0,14.0,14.0,3.0,7.0,1.0,0.0,0.0,7.0,4.0,0.0,2.0,0.0,0.0,1.0,2024,4
943,Aragón,24.0,0.0,0.0,2.0,0.0,0.0,3.0,6.0,2.0,4.0,1.0,0.0,1.0,0.0,3.0,0.0,0.0,0.0,2.0,0.0,2024,4
222,Huesca,1.0,0.0,0.0,0.0,0.0,0.0,1.0,0.0,0.0,0.0,0.0,0.0,0.0,0.0,0.0,0.0,0.0,0.0,0.0,0.0,2024,4
244,Teruel,4.0,0.0,0.0,0.0,0.0,0.0,0.0,1.0,1.0,1.0,0.0,0.0,0.0,0.0,1.0,0.0,0.0,0.0,0.0,0.0,2024,4
250,Zaragoza,19.0,0.0,0.0,2.0,0.0,0.0,2.0,5.0,1.0,3.0,1.0,0.0,1.0,0.0,2.0,0.0,0.0,0.0,2.0,0.0,2024,4
333,Asturias,23.0,0.0,0.0,2.0,0.0,0.0,5.0,9.0,0.0,2.0,0.0,0.0,1.0,2.0,1.0,0.0,0.0,1.0,0.0,0.0,2024,4
407,"Balears, Illes",9.0,0.0,0.0,0.0,0.0,0.0,3.0,2.0,0.0,2.0,0.0,0.0,2.0,0.0,0.0,0.0,0.0,0.0,0.0,0.0,2024,4
639,Canarias,40.0,0.0,0.0,2.0,0.0,0.0,11.0,6.0,4.0,6.0,1.0,0.0,0.0,2.0,5.0,0.0,0.0,0.0,2.0,1.0,2024,4
538,Santa Cruz de Tenerife,17.0,0.0,0.0,1.0,0.0,0.0,6.0,0.0,1.0,4.0,1.0,0.0,0.0,2.0,2.0,0.0,0.0,0.0,0.0,0.0,2024,4
639,Cantabria,12.0,0.0,0.0,2.0,0.0,0.0,2.0,3.0,1.0,1.0,0.0,0.0,1.0,1.0,0.0,0.0,0.0,0.0,0.0,1.0,2024,4
705,Ávila,1.0,0.0,0.0,0.0,0.0,0.0,0.0,1.0,0.0,0.0,0.0,0.0,0.0,0.0,0.0,0.0,0.0,0.0,0.0,0.0,2024,4
709,Burgos,2.0,0.0,0.0,0.0,0.0,0.0,2.0,0.0,0.0,0.0,0.0,0.0,0.0,0.0,0.0,0.0,0.0,0.0,0.0,0.0,2024,4
724,León,7.0,0.0,0.0,2.0,0.0,0.0,0.0,2.0,2.0,1.0,0.0,0.0,0.0,0.0,0.0,0.0,0.0,0.0,0.0,0.0,2024,4
734,Palencia,2.0,0.0,0.0,0.0,0.0,0.0,1.0,1.0,0.0,0.0,0.0,0.0,0.0,0.0,0.0,0.0,0.0,0.0,0.0,0.0,2024,4
737,Salamanca,2.0,0.0,0.0,1.0,0.0,0.0,1.0,0.0,0.0,0.0,0.0,0.0,0.0,0.0,0.0,0.0,0.0,0.0,0.0,0.0,2024,4
740,Segovia,0.0,0.0,0.0,0.0,0.0,0.0,0.0,0.0,0.0,0.0,0.0,0.0,0.0,0.0,0.0,0.0,0.0,0.0,0.0,0.0,2024,4
742,Soria,0.0,0.0,0.0,0.0,0.0,0.0,0.0,0.0,0.0,0.0,0.0,0.0,0.0,0.0,0.0,0.0,0.0,0.0,0.0,0.0,2024,4
747,Valladolid,6.0,0.0,0.0,1.0,0.0,0.0,0.0,2.0,0.0,1.0,0.0,0.0,1.0,0.0,1.0,0.0,0.0,0.0,0.0,0.0,2024,4
749,Zamora,1.0,0.0,0.0,0.0,0.0,0.0,0.0,1.0,0.0,0.0,0.0,0.0,0.0,0.0,0.0,0.0,0.0,0.0,0.0,0.0,2024,4
802,Albacete,9.0,0.0,0.0,1.0,0.0,0.0,1.0,4.0,1.0,0.0,0.0,0.0,0.0,0.0,1.0,0.0,0.0,1.0,0.0,0.0,2024,4
813,Ciudad Real,8.0,0.0,0.0,0.0,0.0,0.0,2.0,2.0,1.0,2.0,0.0,0.0,0.0,0.0,1.0,0.0,0.0,0.0,0.0,0.0,2024,4
816,Cuenca,2.0,0.0,0.0,0.0,0.0,0.0,0.0,0.0,1.0,0.0,0.0,0.0,1.0,0.0,0.0,0.0,0.0,0.0,0.0,0.0,2024,4
819,Guadalajara,3.0,0.0,0.0,1.0,0.0,0.0,1.0,0.0,1.0,0.0,0.0,0.0,0.0,0.0,0.0,0.0,0.0,0.0,0.0,0.0,2024,4
845,Toledo,12.0,0.0,0.0,2.0,0.0,0.0,0.0,5.0,0.0,2.0,2.0,0.0,0.0,0.0,0.0,0.0,1.0,0.0,0.0,0.0,2024,4
908,Barcelona,308.0,1.0,0.0,59.0,2.0,0.0,40.0,59.0,10.0,27.0,21.0,8.0,9.0,30.0,15.0,0.0,6.0,9.0,1.0,11.0,2024,4
917,Girona,16.0,1.0,0.0,1.0,0.0,0.0,1.0,3.0,1.0,5.0,0.0,0.0,0.0,0.0,2.0,0.0,0.0,0.0,1.0,1.0,2024,4
925,Lleida,12.0,1.0,0.0,0.0,0.0,0.0,2.0,2.0,2.0,1.0,0.0,0.0,0.0,2.0,1.0,0.0,0.0,0.0,0.0,1.0,2024,4
943,Tarragona,15.0,0.0,0.0,1.0,0.0,0.0,4.0,4.0,2.0,1.0,0.0,0.0,0.0,0.0,1.0,0.0,0.0,0.0,1.0,1.0,2024,4
734,Valencia,91.0,0.0,0.0,13.0,0.0,0.0,14.0,30.0,1.0,7.0,5.0,1.0,2.0,6.0,4.0,0.0,1.0,2.0,4.0,1.0,2024,4
1106,Badajoz,10.0,0.0,0.0,1.0,0.0,0.0,1.0,2.0,2.0,3.0,1.0,0.0,0.0,0.0,0.0,0.0,0.0,0.0,0.0,0.0,2024,4
1110,Cáceres,9.0,0.0,0.0,3.0,0.0,0.0,1.0,3.0,1.0,1.0,0.0,0.0,0.0,0.0,0.0,0.0,0.0,0.0,0.0,0.0,2024,4
1227,Lugo,8.0,2.0,0.0,0.0,0.0,0.0,0.0,4.0,0.0,0.0,0.0,0.0,1.0,0.0,1.0,0.0,0.0,0.0,0.0,0.0,2024,4
1232,Ourense,2.0,0.0,0.0,0.0,0.0,0.0,1.0,0.0,0.0,0.0,0.0,0.0,0.0,0.0,0.0,0.0,1.0,0.0,0.0,0.0,2024,4
1236,Pontevedra,21.0,0.0,0.0,2.0,0.0,0.0,4.0,8.0,0.0,2.0,0.0,1.0,0.0,3.0,0.0,0.0,0.0,1.0,0.0,0.0,2024,4
1328,Madrid,356.0,1.0,0.0,25.0,2.0,0.0,51.0,85.0,16.0,33.0,20.0,11.0,14.0,38.0,22.0,0.0,11.0,7.0,5.0,15.0,2024,4
1430,Murcia,46.0,3.0,0.0,5.0,0.0,0.0,5.0,16.0,4.0,5.0,1.0,0.0,0.0,3.0,2.0,0.0,0.0,0.0,1.0,1.0,2024,4
1531,Navarra,11.0,0.0,0.0,2.0,0.0,0.0,2.0,3.0,1.0,2.0,1.0,0.0,0.0,0.0,0.0,0.0,0.0,0.0,0.0,0.0,2024,4
1601,Araba/Álava,15.0,0.0,0.0,6.0,0.0,0.0,2.0,3.0,0.0,0.0,0.0,1.0,0.0,2.0,0.0,0.0,0.0,0.0,0.0,1.0,2024,4
1648,Bizkaia,34.0,0.0,0.0,7.0,0.0,0.0,5.0,10.0,2.0,2.0,4.0,1.0,1.0,1.0,1.0,0.0,0.0,0.0,0.0,0.0,2024,4
1620,Gipuzkoa,19.0,0.0,0.0,3.0,0.0,0.0,4.0,4.0,1.0,0.0,0.0,1.0,2.0,2.0,1.0,0.0,0.0,0.0,1.0,0.0,2024,4
1851,Ceuta,2.0,0.0,0.0,0.0,0.0,0.0,0.0,1.0,0.0,1.0,0.0,0.0,0.0,0.0,0.0,0.0,0.0,0.0,0.0,0.0,2024,4
1952,Melilla,0.0,0.0,0.0,0.0,0.0,0.0,0.0,0.0,0.0,0.0,0.0,0.0,0.0,0.0,0.0,0.0,0.0,0.0,0.0,0.0,2024,4
104,Almería,17.0,1.0,0.0,2.0,0.0,0.0,5.0,4.0,0.0,1.0,0.0,0.0,1.0,2.0,0.0,0.0,0.0,1.0,0.0,0.0,2025,1
111,Cádiz,18.0,0.0,0.0,0.0,0.0,0.0,1.0,7.0,0.0,3.0,1.0,0.0,0.0,1.0,0.0,0.0,0.0,4.0,0.0,1.0,2025,1
114,Córdoba,6.0,0.0,0.0,0.0,0.0,0.0,1.0,5.0,0.0,0.0,0.0,0.0,0.0,0.0,0.0,0.0,0.0,0.0,0.0,0.0,2025,1
118,Granada,21.0,1.0,0.0,4.0,0.0,0.0,6.0,5.0,0.0,2.0,0.0,0.0,1.0,0.0,0.0,0.0,1.0,0.0,0.0,1.0,2025,1
121,Huelva,6.0,1.0,0.0,1.0,0.0,0.0,1.0,2.0,1.0,0.0,0.0,0.0,0.0,0.0,0.0,0.0,0.0,0.0,0.0,0.0,2025,1
123,Jaén,5.0,0.0,0.0,1.0,0.0,0.0,1.0,0.0,0.0,0.0,0.0,0.0,0.0,2.0,0.0,0.0,0.0,0.0,1.0,0.0,2025,1
129,Málaga,42.0,1.0,0.0,2.0,0.0,0.0,4.0,9.0,3.0,10.0,3.0,0.0,1.0,2.0,3.0,0.0,0.0,1.0,1.0,2.0,2025,1
141,Sevilla,63.0,0.0,0.0,7.0,1.0,0.0,11.0,19.0,3.0,4.0,3.0,1.0,4.0,4.0,1.0,0.0,1.0,2.0,1.0,1.0,2025,1
943,Aragón,27.0,0.0,0.0,4.0,0.0,0.0,7.0,8.0,4.0,2.0,1.0,0.0,0.0,0.0,0.0,0.0,0.0,0.0,1.0,0.0,2025,1
222,Huesca,6.0,0.0,0.0,1.0,0.0,0.0,3.0,0.0,0.0,2.0,0.0,0.0,0.0,0.0,0.0,0.0,0.0,0.0,0.0,0.0,2025,1
244,Teruel,1.0,0.0,0.0,0.0,0.0,0.0,0.0,1.0,0.0,0.0,0.0,0.0,0.0,0.0,0.0,0.0,0.0,0.0,0.0,0.0,2025,1
250,Zaragoza,20.0,0.0,0.0,3.0,0.0,0.0,4.0,7.0,4.0,0.0,1.0,0.0,0.0,0.0,0.0,0.0,0.0,0.0,1.0,0.0,2025,1
333,Asturias,31.0,0.0,1.0,4.0,0.0,0.0,7.0,8.0,1.0,3.0,2.0,0.0,0.0,3.0,0.0,0.0,1.0,1.0,0.0,0.0,2025,1
407,"Balears, Illes",39.0,0.0,0.0,1.0,0.0,0.0,18.0,4.0,0.0,5.0,2.0,2.0,1.0,1.0,3.0,0.0,0.0,0.0,0.0,2.0,2025,1
639,Canarias,28.0,0.0,0.0,1.0,0.0,0.0,4.0,14.0,0.0,0.0,1.0,0.0,0.0,1.0,3.0,0.0,0.0,1.0,2.0,1.0,2025,1
538,Santa Cruz de Tenerife,12.0,0.0,0.0,0.0,0.0,0.0,3.0,6.0,0.0,0.0,1.0,0.0,0.0,0.0,2.0,0.0,0.0,0.0,0.0,0.0,2025,1
639,Cantabria,10.0,0.0,0.0,2.0,0.0,0.0,2.0,3.0,2.0,0.0,0.0,0.0,0.0,0.0,0.0,0.0,0.0,0.0,1.0,0.0,2025,1
705,Ávila,1.0,0.0,0.0,0.0,0.0,0.0,0.0,1.0,0.0,0.0,0.0,0.0,0.0,0.0,0.0,0.0,0.0,0.0,0.0,0.0,2025,1
709,Burgos,5.0,0.0,0.0,1.0,0.0,0.0,3.0,1.0,0.0,0.0,0.0,0.0,0.0,0.0,0.0,0.0,0.0,0.0,0.0,0.0,2025,1
724,León,3.0,0.0,0.0,0.0,0.0,0.0,1.0,2.0,0.0,0.0,0.0,0.0,0.0,0.0,0.0,0.0,0.0,0.0,0.0,0.0,2025,1
734,Palencia,1.0,0.0,0.0,0.0,0.0,0.0,0.0,1.0,0.0,0.0,0.0,0.0,0.0,0.0,0.0,0.0,0.0,0.0,0.0,0.0,2025,1
737,Salamanca,6.0,0.0,0.0,1.0,0.0,1.0,1.0,1.0,0.0,2.0,0.0,0.0,0.0,0.0,0.0,0.0,0.0,0.0,0.0,0.0,2025,1
740,Segovia,0.0,0.0,0.0,0.0,0.0,0.0,0.0,0.0,0.0,0.0,0.0,0.0,0.0,0.0,0.0,0.0,0.0,0.0,0.0,0.0,2025,1
742,Soria,1.0,0.0,0.0,0.0,0.0,0.0,0.0,1.0,0.0,0.0,0.0,0.0,0.0,0.0,0.0,0.0,0.0,0.0,0.0,0.0,2025,1
747,Valladolid,10.0,0.0,0.0,1.0,0.0,0.0,2.0,4.0,0.0,0.0,1.0,0.0,0.0,0.0,2.0,0.0,0.0,0.0,0.0,0.0,2025,1
749,Zamora,1.0,0.0,0.0,0.0,0.0,0.0,0.0,1.0,0.0,0.0,0.0,0.0,0.0,0.0,0.0,0.0,0.0,0.0,0.0,0.0,2025,1
802,Albacete,12.0,0.0,0.0,0.0,0.0,0.0,2.0,4.0,1.0,2.0,0.0,0.0,0.0,0.0,0.0,0.0,0.0,2.0,0.0,1.0,2025,1
813,Ciudad Real,19.0,1.0,0.0,2.0,0.0,0.0,4.0,7.0,0.0,3.0,0.0,1.0,0.0,0.0,0.0,0.0,0.0,0.0,1.0,0.0,2025,1
816,Cuenca,2.0,0.0,0.0,2.0,0.0,0.0,0.0,0.0,0.0,0.0,0.0,0.0,0.0,0.0,0.0,0.0,0.0,0.0,0.0,0.0,2025,1
819,Guadalajara,5.0,0.0,1.0,1.0,0.0,0.0,1.0,0.0,0.0,1.0,0.0,0.0,0.0,0.0,1.0,0.0,0.0,0.0,0.0,0.0,2025,1
845,Toledo,6.0,0.0,0.0,1.0,0.0,0.0,0.0,3.0,0.0,2.0,0.0,0.0,0.0,0.0,0.0,0.0,0.0,0.0,0.0,0.0,2025,1
908,Barcelona,386.0,4.0,1.0,50.0,2.0,2.0,52.0,93.0,14.0,33.0,20.0,5.0,29.0,38.0,16.0,0.0,4.0,6.0,8.0,9.0,2025,1
917,Girona,15.0,0.0,0.0,2.0,0.0,0.0,1.0,5.0,2.0,2.0,1.0,0.0,0.0,1.0,1.0,0.0,0.0,0.0,0.0,0.0,2025,1
925,Lleida,16.0,1.0,0.0,3.0,0.0,0.0,1.0,1.0,4.0,0.0,0.0,0.0,1.0,2.0,1.0,0.0,2.0,0.0,0.0,0.0,2025,1
943,Tarragona,33.0,1.0,0.0,6.0,0.0,0.0,8.0,6.0,1.0,5.0,1.0,0.0,0.0,0.0,3.0,0.0,0.0,2.0,0.0,0.0,2025,1
734,Valencia,84.0,1.0,0.0,9.0,0.0,0.0,8.0,30.0,8.0,8.0,2.0,2.0,3.0,5.0,4.0,0.0,0.0,1.0,1.0,2.0,2025,1
1106,Badajoz,22.0,0.0,0.0,3.0,0.0,1.0,2.0,9.0,0.0,2.0,1.0,0.0,0.0,1.0,1.0,0.0,1.0,0.0,0.0,1.0,2025,1
1110,Cáceres,3.0,0.0,0.0,0.0,0.0,0.0,1.0,1.0,0.0,1.0,0.0,0.0,0.0,0.0,0.0,0.0,0.0,0.0,0.0,0.0,2025,1
1227,Lugo,14.0,2.0,0.0,1.0,0.0,0.0,2.0,4.0,2.0,1.0,0.0,0.0,0.0,1.0,0.0,0.0,0.0,0.0,0.0,1.0,2025,1
1232,Ourense,4.0,0.0,0.0,1.0,0.0,0.0,0.0,1.0,0.0,0.0,1.0,0.0,1.0,0.0,0.0,0.0,0.0,0.0,0.0,0.0,2025,1
1236,Pontevedra,15.0,0.0,0.0,3.0,0.0,0.0,2.0,5.0,0.0,2.0,1.0,0.0,0.0,0.0,1.0,0.0,0.0,1.0,0.0,0.0,2025,1
1328,Madrid,375.0,3.0,1.0,24.0,3.0,0.0,41.0,90.0,6.0,54.0,34.0,3.0,8.0,38.0,23.0,0.0,11.0,9.0,10.0,17.0,2025,1
1430,Murcia,63.0,10.0,0.0,11.0,0.0,0.0,4.0,23.0,2.0,7.0,3.0,0.0,0.0,1.0,1.0,0.0,0.0,0.0,1.0,0.0,2025,1
1531,Navarra,17.0,1.0,0.0,6.0,0.0,0.0,3.0,3.0,1.0,0.0,1.0,1.0,0.0,0.0,0.0,0.0,0.0,0.0,1.0,0.0,2025,1
1601,Araba/Álava,13.0,1.0,0.0,4.0,0.0,0.0,0.0,1.0,1.0,2.0,0.0,0.0,0.0,3.0,0.0,0.0,0.0,0.0,1.0,0.0,2025,1
1648,Bizkaia,49.0,1.0,0.0,10.0,0.0,0.0,5.0,14.0,1.0,3.0,2.0,1.0,1.0,8.0,2.0,0.0,1.0,0.0,0.0,0.0,2025,1
1620,Gipuzkoa,20.0,0.0,0.0,3.0,0.0,0.0,4.0,7.0,1.0,4.0,0.0,0.0,0.0,0.0,0.0,0.0,0.0,1.0,0.0,0.0,2025,1
1851,Ceuta,1.0,0.0,0.0,0.0,0.0,0.0,1.0,0.0,0.0,0.0,0.0,0.0,0.0,0.0,0.0,0.0,0.0,0.0,0.0,0.0,2025,1
1952,Melilla,1.0,0.0,0.0,0.0,0.0,0.0,0.0,0.0,0.0,1.0,0.0,0.0,0.0,0.0,0.0,0.0,0.0,0.0,0.0,0.0,2025,1
104,Almería,18.0,1.0,0.0,0.0,0.0,0.0,2.0,4.0,2.0,5.0,1.0,1.0,0.0,0.0,1.0,0.0,0.0,1.0,0.0,0.0,2025,2
111,Cádiz,13.0,0.0,0.0,3.0,0.0,0.0,2.0,2.0,2.0,0.0,0.0,0.0,1.0,2.0,1.0,0.0,0.0,0.0,0.0,0.0,2025,2
114,Córdoba,11.0,0.0,0.0,0.0,0.0,0.0,2.0,3.0,0.0,3.0,0.0,0.0,0.0,2.0,1.0,0.0,0.0,0.0,0.0,0.0,2025,2
118,Granada,14.0,0.0,0.0,2.0,0.0,0.0,3.0,5.0,0.0,1.0,0.0,0.0,1.0,1.0,0.0,0.0,0.0,0.0,1.0,0.0,2025,2
121,Huelva,4.0,0.0,0.0,1.0,0.0,0.0,2.0,0.0,0.0,0.0,0.0,0.0,0.0,0.0,1.0,0.0,0.0,0.0,0.0,0.0,2025,2
123,Jaén,4.0,0.0,0.0,0.0,0.0,0.0,2.0,2.0,0.0,0.0,0.0,0.0,0.0,0.0,0.0,0.0,0.0,0.0,0.0,0.0,2025,2
129,Málaga,37.0,1.0,0.0,1.0,0.0,0.0,9.0,7.0,4.0,3.0,2.0,2.0,0.0,3.0,3.0,0.0,0.0,1.0,1.0,0.0,2025,2
141,Sevilla,36.0,0.0,0.0,6.0,0.0,0.0,3.0,11.0,2.0,3.0,0.0,0.0,1.0,5.0,1.0,0.0,0.0,2.0,0.0,2.0,2025,2
943,Aragón,24.0,1.0,0.0,1.0,3.0,0.0,4.0,7.0,2.0,4.0,1.0,0.0,0.0,0.0,1.0,0.0,0.0,0.0,0.0,0.0,2025,2
222,Huesca,4.0,0.0,0.0,0.0,1.0,0.0,3.0,0.0,0.0,0.0,0.0,0.0,0.0,0.0,0.0,0.0,0.0,0.0,0.0,0.0,2025,2
244,Teruel,2.0,0.0,0.0,0.0,0.0,0.0,0.0,0.0,1.0,1.0,0.0,0.0,0.0,0.0,0.0,0.0,0.0,0.0,0.0,0.0,2025,2
250,Zaragoza,18.0,1.0,0.0,1.0,2.0,0.0,1.0,7.0,1.0,3.0,1.0,0.0,0.0,0.0,1.0,0.0,0.0,0.0,0.0,0.0,2025,2
333,Asturias,20.0,0.0,0.0,2.0,0.0,0.0,2.0,5.0,2.0,2.0,1.0,1.0,1.0,3.0,0.0,0.0,1.0,0.0,0.0,0.0,2025,2
407,"Balears, Illes",30.0,0.0,0.0,1.0,0.0,0.0,8.0,3.0,0.0,8.0,0.0,0.0,5.0,0.0,4.0,0.0,0.0,1.0,0.0,0.0,2025,2
639,Canarias,23.0,0.0,0.0,2.0,1.0,0.0,3.0,6.0,1.0,3.0,1.0,2.0,0.0,1.0,2.0,0.0,0.0,1.0,0.0,0.0,2025,2
538,Santa Cruz de Tenerife,10.0,0.0,0.0,1.0,0.0,0.0,2.0,1.0,0.0,2.0,1.0,0.0,0.0,1.0,1.0,0.0,0.0,1.0,0.0,0.0,2025,2
639,Cantabria,4.0,1.0,0.0,1.0,0.0,0.0,0.0,2.0,0.0,0.0,0.0,0.0,0.0,0.0,0.0,0.0,0.0,0.0,0.0,0.0,2025,2
705,Ávila,0.0,0.0,0.0,0.0,0.0,0.0,0.0,0.0,0.0,0.0,0.0,0.0,0.0,0.0,0.0,0.0,0.0,0.0,0.0,0.0,2025,2
709,Burgos,5.0,0.0,0.0,0.0,0.0,0.0,1.0,2.0,0.0,0.0,0.0,1.0,0.0,0.0,1.0,0.0,0.0,0.0,0.0,0.0,2025,2
724,León,4.0,0.0,0.0,1.0,0.0,0.0,2.0,1.0,0.0,0.0,0.0,0.0,0.0,0.0,0.0,0.0,0.0,0.0,0.0,0.0,2025,2
734,Palencia,2.0,0.0,0.0,0.0,0.0,0.0,2.0,0.0,0.0,0.0,0.0,0.0,0.0,0.0,0.0,0.0,0.0,0.0,0.0,0.0,2025,2
737,Salamanca,1.0,0.0,0.0,0.0,0.0,0.0,0.0,0.0,0.0,0.0,0.0,0.0,0.0,0.0,0.0,0.0,1.0,0.0,0.0,0.0,2025,2
740,Segovia,4.0,0.0,0.0,0.0,0.0,0.0,2.0,1.0,0.0,0.0,0.0,0.0,0.0,0.0,1.0,0.0,0.0,0.0,0.0,0.0,2025,2
742,Soria,1.0,0.0,0.0,1.0,0.0,0.0,0.0,0.0,0.0,0.0,0.0,0.0,0.0,0.0,0.0,0.0,0.0,0.0,0.0,0.0,2025,2
747,Valladolid,5.0,0.0,0.0,1.0,0.0,0.0,0.0,2.0,0.0,0.0,1.0,0.0,0.0,0.0,0.0,0.0,0.0,0.0,0.0,1.0,2025,2
749,Zamora,6.0,0.0,0.0,3.0,0.0,0.0,0.0,2.0,0.0,1.0,0.0,0.0,0.0,0.0,0.0,0.0,0.0,0.0,0.0,0.0,2025,2
802,Albacete,14.0,1.0,0.0,6.0,0.0,0.0,0.0,4.0,0.0,0.0,0.0,0.0,0.0,0.0,0.0,0.0,2.0,0.0,0.0,1.0,2025,2
813,Ciudad Real,9.0,0.0,0.0,2.0,0.0,0.0,2.0,2.0,0.0,0.0,1.0,0.0,0.0,0.0,0.0,0.0,0.0,0.0,2.0,0.0,2025,2
816,Cuenca,2.0,0.0,0.0,1.0,0.0,0.0,0.0,1.0,0.0,0.0,0.0,0.0,0.0,0.0,0.0,0.0,0.0,0.0,0.0,0.0,2025,2
819,Guadalajara,7.0,0.0,0.0,1.0,0.0,0.0,1.0,2.0,1.0,0.0,0.0,0.0,0.0,0.0,1.0,0.0,0.0,0.0,0.0,1.0,2025,2
845,Toledo,16.0,1.0,0.0,1.0,0.0,0.0,3.0,4.0,2.0,1.0,0.0,0.0,0.0,0.0,2.0,0.0,2.0,0.0,0.0,0.0,2025,2
908,Barcelona,328.0,1.0,0.0,49.0,1.0,0.0,63.0,76.0,16.0,21.0,14.0,7.0,13.0,27.0,18.0,0.0,3.0,12.0,3.0,4.0,2025,2
917,Girona,19.0,0.0,0.0,1.0,0.0,0.0,3.0,10.0,0.0,0.0,1.0,0.0,0.0,2.0,1.0,0.0,0.0,0.0,1.0,0.0,2025,2
925,Lleida,13.0,2.0,0.0,2.0,0.0,0.0,3.0,4.0,1.0,1.0,0.0,0.0,0.0,0.0,0.0,0.0,0.0,0.0,0.0,0.0,2025,2
943,Tarragona,16.0,0.0,0.0,2.0,0.0,0.0,3.0,3.0,3.0,3.0,0.0,0.0,0.0,1.0,1.0,0.0,0.0,0.0,0.0,0.0,2025,2
734,Valencia,100.0,1.0,0.0,13.0,1.0,1.0,18.0,22.0,10.0,11.0,2.0,1.0,3.0,9.0,1.0,0.0,0.0,0.0,1.0,6.0,2025,2
1106,Badajoz,11.0,0.0,0.0,3.0,0.0,0.0,4.0,2.0,1.0,0.0,0.0,0.0,0.0,0.0,0.0,0.0,0.0,0.0,1.0,0.0,2025,2
1110,Cáceres,4.0,0.0,0.0,1.0,0.0,0.0,0.0,1.0,1.0,1.0,0.0,0.0,0.0,0.0,0.0,0.0,0.0,0.0,0.0,0.0,2025,2
1227,Lugo,8.0,0.0,0.0,1.0,0.0,0.0,0.0,3.0,1.0,2.0,0.0,0.0,1.0,0.0,0.0,0.0,0.0,0.0,0.0,0.0,2025,2
1232,Ourense,3.0,0.0,0.0,0.0,0.0,0.0,0.0,1.0,0.0,0.0,1.0,0.0,0.0,1.0,0.0,0.0,0.0,0.0,0.0,0.0,2025,2
1236,Pontevedra,36.0,1.0,1.0,13.0,0.0,0.0,3.0,5.0,3.0,4.0,1.0,0.0,0.0,2.0,1.0,0.0,0.0,1.0,0.0,1.0,2025,2
1328,Madrid,280.0,4.0,0.0,20.0,2.0,1.0,44.0,59.0,9.0,37.0,16.0,4.0,12.0,20.0,13.0,0.0,8.0,12.0,11.0,8.0,2025,2
1430,Murcia,41.0,1.0,0.0,9.0,0.0,0.0,6.0,12.0,6.0,3.0,1.0,1.0,0.0,0.0,1.0,0.0,1.0,0.0,0.0,0.0,2025,2
1531,Navarra,12.0,0.0,0.0,3.0,0.0,0.0,2.0,2.0,2.0,1.0,0.0,0.0,1.0,1.0,0.0,0.0,0.0,0.0,0.0,0.0,2025,2
1601,Araba/Álava,10.0,0.0,0.0,1.0,0.0,0.0,2.0,1.0,1.0,0.0,2.0,0.0,0.0,1.0,1.0,0.0,0.0,1.0,0.0,0.0,2025,2
1648,Bizkaia,42.0,1.0,0.0,12.0,0.0,0.0,5.0,9.0,2.0,1.0,0.0,2.0,2.0,3.0,2.0,0.0,0.0,0.0,1.0,2.0,2025,2
1620,Gipuzkoa,25.0,0.0,0.0,6.0,0.0,1.0,2.0,8.0,1.0,3.0,2.0,0.0,1.0,1.0,0.0,0.0,0.0,0.0,0.0,0.0,2025,2
1851,Ceuta,2.0,0.0,0.0,0.0,0.0,0.0,1.0,1.0,0.0,0.0,0.0,0.0,0.0,0.0,0.0,0.0,0.0,0.0,0.0,0.0,2025,2
1952,Melilla,0.0,0.0,0.0,0.0,0.0,0.0,0.0,0.0,0.0,0.0,0.0,0.0,0.0,0.0,0.0,0.0,0.0,0.0,0.0,0.0,2025,2
